Id,Altitude,Slope_Orientation,Slope,Horizontal_Distance_To_Water,Vertical_Distance_To_Water,Horizontal_Distance_To_Roadways,Shadow_Index_9h,Shadow_Index_12h,Shadow_Index_15h,Horizontal_Distance_To_Fire_Points,Canopy_Density,Rainfall_Summer,Rainfall_Winter,Wind_Exposure_Level,Soil_Type,Wilderness_Area,Vegetation_Type
7447,3256,34,16,390,91,3340,216,203,118,2061,63.45,161.5,548.41,35.52,Type_39,Area_3,Type_7
9677,3413,261,18,875,231,4710,174,247,210,2874,86.88,416.92,1100.36,16.28,Type_39,Area_3,Type_7
8484,3332,231,6,391,37,1003,210,246,172,1501,85.93,410.8,427.82,18.37,Type_32,Area_3,Type_7
9871,3381,198,21,108,8,2620,209,252,169,518,47.16,311.06,487.01,11.93,Type_39,Area_3,Type_7
7706,3377,329,10,531,38,1421,197,229,171,1218,31.86,432.48,742.11,38.22,Type_38,Area_3,Type_7
9416,3243,20,6,42,2,3171,216,227,148,2814,34.25,224.96,294.71,27.93,Type_39,Area_3,Type_7
8046,3381,175,10,1092,142,2874,226,245,151,1672,36.05,431.03,801.8,45.17,Type_38,Area_3,Type_7
9312,3417,195,13,443,105,4268,217,251,165,3026,50.99,284.26,803.49,48.7,Type_33,Area_3,Type_7
9780,3334,169,38,313,175,1744,218,224,102,492,66.92,160.33,995.73,59.37,Type_39,Area_3,Type_7
1722,3223,183,16,60,26,2665,222,249,155,2671,37.28,405.14,1013.59,29.63,Type_29,Area_1,Type_7
10047,3287,1,25,646,109,1441,175,184,139,1477,43.93,368.64,1074.73,38.67,Type_39,Area_3,Type_7
14504,3281,0,14,1184,264,2125,199,213,151,2001,61.45,321.66,1003.82,10.09,Type_38,Area_3,Type_7
9787,3300,167,27,268,116,1779,230,237,120,426,35.35,448.85,379.83,63.88,Type_39,Area_3,Type_7
3393,3237,130,8,95,10,4186,233,236,135,2496,83.29,420.23,1004.5,21.48,Type_38,Area_1,Type_7
8116,3353,177,14,1064,114,2703,226,247,150,1959,46.83,246.15,170.67,62.25,Type_39,Area_3,Type_7
9859,3407,168,19,60,7,2760,232,243,135,663,49.92,300.73,1037.35,50.37,Type_35,Area_3,Type_7
9292,3328,100,13,60,-14,4485,242,221,107,4039,62.93,239.78,651.79,30.99,Type_23,Area_3,Type_7
9710,3827,18,13,1084,51,4628,210,213,138,2704,63.29,302.28,696.48,50.5,Type_40,Area_3,Type_7
14404,3270,354,18,426,145,3766,188,206,154,3600,77.35,369.57,1188.38,5.12,Type_40,Area_3,Type_7
14550,3740,347,16,1020,294,5165,189,213,162,3294,69.25,257.89,192.77,9.74,Type_40,Area_3,Type_7
9192,3254,339,22,484,149,3621,167,202,171,3513,30.94,296.92,104.95,49.05,Type_40,Area_3,Type_7
7885,3418,32,7,256,79,1725,219,224,142,1191,36.28,370.5,585.65,35.98,Type_38,Area_3,Type_7
9247,3321,331,13,552,66,3462,189,223,174,3481,59.35,170.68,532.51,17.31,Type_40,Area_3,Type_7
5389,3286,45,2,124,5,3907,220,234,150,3889,64.27,211.84,966.62,43.92,Type_38,Area_1,Type_7
7826,3427,101,8,768,210,3242,233,230,129,1714,81.4,408.24,187.9,56.81,Type_38,Area_3,Type_7
9075,3414,117,15,323,176,3811,244,225,106,3394,52.2,438.71,251.74,58.73,Type_39,Area_3,Type_7
10474,3491,358,9,516,210,1260,207,224,155,1784,37.93,309.91,711.48,28.77,Type_40,Area_2,Type_7
1728,3218,45,4,0,0,3054,221,231,146,2282,89.8,348.75,1066.92,47.62,Type_38,Area_1,Type_7
6588,3230,83,17,268,63,837,242,207,89,875,32.95,242.18,172.7,50.23,Type_39,Area_3,Type_7
8082,3370,171,10,1123,131,2809,227,245,149,1712,38.51,293.12,948.75,43.67,Type_38,Area_3,Type_7
9513,3255,356,15,1050,238,2079,194,212,154,2164,34.55,265.33,818.86,28.35,Type_24,Area_3,Type_7
10448,3459,355,15,573,124,1158,193,211,155,1559,70.62,283.32,1196.07,12.97,Type_40,Area_2,Type_7
10251,3404,121,14,618,175,630,243,228,111,391,71.94,323.86,351.75,22.7,Type_40,Area_2,Type_7
10267,3398,90,3,659,-55,755,225,234,145,518,58.26,345.5,487.03,39.2,Type_38,Area_2,Type_7
9862,3225,104,4,60,-2,2032,226,234,143,108,61.3,236.12,902.55,11.29,Type_35,Area_3,Type_7
14030,3321,210,12,0,0,2689,211,251,174,543,35.98,342.97,625.33,59.62,Type_38,Area_3,Type_7
7995,3391,223,10,1131,189,3055,207,250,178,1332,37.01,435.47,205.94,21.34,Type_38,Area_3,Type_7
8307,3325,15,10,577,91,764,211,219,144,1595,40.72,165.44,936.26,18.21,Type_31,Area_3,Type_7
9258,3359,284,8,430,120,3261,198,240,181,3320,40.14,219.01,925.7,41.81,Type_32,Area_3,Type_7
2043,3374,93,13,210,29,2605,241,219,106,2446,61.4,326.73,1145.9,54.02,Type_39,Area_1,Type_7
14036,3289,240,19,0,0,2569,181,252,205,503,76.1,299.0,457.45,62.73,Type_38,Area_3,Type_7
9212,3454,147,17,134,47,4126,241,236,117,4142,86.52,208.76,1121.85,26.24,Type_33,Area_3,Type_7
1737,3195,138,11,30,-7,2854,237,236,129,2493,56.99,356.26,614.12,35.87,Type_29,Area_1,Type_7
8198,3315,174,10,1095,199,2505,226,245,152,2147,47.37,346.63,647.55,9.35,Type_31,Area_3,Type_7
2951,3285,206,11,450,58,4124,213,250,171,2188,79.65,399.24,227.62,62.99,Type_23,Area_1,Type_7
14799,3481,357,15,509,136,1266,194,211,153,1683,54.38,321.34,804.84,30.2,Type_40,Area_2,Type_7
14396,3464,80,27,242,67,2460,244,182,50,3759,61.6,376.14,942.47,28.84,Type_39,Area_1,Type_7
14636,3402,137,13,170,36,2876,239,235,123,780,41.07,269.55,637.04,62.97,Type_35,Area_3,Type_7
7272,3371,87,9,170,22,2737,234,224,121,1677,87.83,301.46,993.52,58.45,Type_38,Area_3,Type_7
8568,3369,69,4,524,30,960,224,231,143,2373,83.99,292.53,1069.98,7.38,Type_32,Area_3,Type_7
9612,3426,280,14,0,0,5362,181,241,199,3934,44.78,163.08,598.65,38.1,Type_35,Area_3,Type_7
7953,3441,24,8,301,102,1782,216,222,143,1146,66.18,269.94,906.58,20.94,Type_40,Area_3,Type_7
13973,3429,22,10,272,90,1752,214,218,140,1167,75.92,277.74,203.61,28.01,Type_38,Area_3,Type_7
1664,3268,179,15,270,50,2925,225,248,151,2377,59.82,299.53,1127.58,11.2,Type_29,Area_1,Type_7
9847,3167,47,13,134,19,1387,224,212,120,750,80.88,218.45,504.35,21.59,Type_39,Area_3,Type_7
7892,3397,33,16,607,158,3062,215,202,118,2220,60.21,308.0,417.59,23.02,Type_39,Area_3,Type_7
12034,3376,34,5,0,0,2701,219,228,146,2282,62.63,323.9,1103.62,33.59,Type_38,Area_1,Type_7
10092,3319,72,10,108,5,1994,231,221,122,1057,39.69,152.18,1161.5,16.54,Type_39,Area_3,Type_7
14769,3571,31,4,283,78,1691,219,230,148,1465,41.96,389.09,259.94,40.99,Type_40,Area_2,Type_7
10362,3419,8,5,201,71,1008,214,230,153,1031,83.27,176.85,441.31,63.94,Type_40,Area_2,Type_7
7921,3402,324,14,912,152,1167,183,224,180,1932,68.87,439.69,1119.18,46.88,Type_38,Area_3,Type_7
1692,3241,200,5,175,43,2644,218,244,162,2671,60.15,356.01,902.07,48.18,Type_29,Area_1,Type_7
9114,3463,113,24,395,70,2223,253,207,67,3435,57.66,208.21,1031.63,23.91,Type_40,Area_1,Type_7
9914,3269,346,15,228,43,1812,191,216,163,458,66.38,432.49,839.55,33.5,Type_39,Area_3,Type_7
5198,3275,61,7,30,0,3814,226,225,133,3774,33.83,359.78,749.32,16.27,Type_38,Area_1,Type_7
9228,3340,293,12,537,101,3274,187,238,190,3428,83.42,203.79,987.28,13.98,Type_32,Area_3,Type_7
14688,3276,18,20,175,56,2084,200,193,124,1265,75.68,181.4,1149.53,23.24,Type_39,Area_3,Type_7
13889,3458,149,10,824,225,2343,234,240,137,1471,42.28,259.48,788.38,39.49,Type_35,Area_1,Type_7
9661,3725,335,12,1015,279,5258,193,224,170,3388,63.61,338.94,1168.85,14.78,Type_40,Area_3,Type_7
14693,3411,133,15,242,-8,2539,243,231,113,1082,78.43,408.1,725.57,29.71,Type_39,Area_3,Type_7
14121,3323,75,46,153,123,2754,225,114,0,400,69.75,300.25,1048.89,9.33,Type_39,Area_3,Type_7
10301,3412,283,3,470,-41,902,211,239,167,693,84.67,420.61,688.57,33.45,Type_38,Area_2,Type_7
14657,3282,340,21,755,166,1328,170,204,170,1624,70.68,249.24,634.76,48.13,Type_39,Area_3,Type_7
9046,3425,120,9,153,46,1879,236,233,128,3089,31.8,176.05,146.13,49.6,Type_40,Area_1,Type_7
14337,3413,106,11,162,52,1760,239,227,117,3014,64.71,200.14,564.65,50.29,Type_40,Area_1,Type_7
10344,3408,93,9,361,63,834,234,227,125,930,72.29,276.83,538.55,45.64,Type_40,Area_2,Type_7
8528,3365,11,5,541,26,870,215,230,152,2340,76.88,185.7,1006.92,7.42,Type_32,Area_3,Type_7
11926,3139,18,3,60,1,2060,217,233,153,2527,82.25,376.27,1107.73,14.12,Type_29,Area_1,Type_7
10063,3384,118,36,175,65,2166,253,184,25,836,64.99,385.52,771.48,35.3,Type_40,Area_3,Type_7
14512,3423,312,12,256,29,5069,188,231,183,3992,75.43,345.19,539.85,21.3,Type_38,Area_3,Type_7
8093,3271,221,20,30,11,2505,191,254,194,541,65.15,325.83,1198.04,26.69,Type_39,Area_3,Type_7
9835,3119,96,29,42,12,1271,251,184,40,845,37.13,297.28,1090.21,30.07,Type_22,Area_3,Type_7
8569,3367,73,5,552,28,960,226,230,139,2403,56.89,167.2,226.23,13.25,Type_32,Area_3,Type_7
8947,3389,305,14,67,13,2496,181,232,191,2554,76.89,191.01,413.55,47.57,Type_38,Area_3,Type_7
9442,3456,8,11,371,108,4008,207,218,147,3289,36.27,412.13,159.86,8.84,Type_40,Area_3,Type_7
13975,3364,216,4,162,0,2605,215,244,165,571,77.38,198.44,556.18,20.63,Type_38,Area_3,Type_7
8624,3301,242,5,90,6,1266,211,243,170,1489,80.91,217.15,217.3,60.64,Type_21,Area_3,Type_7
13267,3381,272,6,120,13,4204,204,242,176,4147,31.29,356.81,163.36,24.99,Type_39,Area_1,Type_7
6572,3230,86,17,319,71,779,243,208,89,871,30.35,372.18,311.69,14.07,Type_39,Area_3,Type_7
10512,3450,95,18,120,-13,1813,246,210,86,1972,63.36,303.09,649.48,22.11,Type_39,Area_2,Type_7
12026,3371,336,3,108,7,2629,213,235,160,2382,33.63,340.41,251.99,48.02,Type_39,Area_1,Type_7
7397,3383,58,9,162,34,3007,227,221,128,1556,39.75,254.3,491.01,23.15,Type_38,Area_3,Type_7
8244,3240,84,24,127,32,2586,245,192,63,350,54.7,441.55,900.65,38.59,Type_39,Area_3,Type_7
14577,3306,134,33,300,149,1260,250,205,55,916,89.13,402.65,213.99,35.1,Type_39,Area_3,Type_7
8060,3268,218,24,124,8,2376,186,254,195,618,63.11,288.89,612.15,45.23,Type_39,Area_3,Type_7
14204,3311,262,7,30,0,1261,204,244,179,1618,78.72,447.17,306.36,23.56,Type_38,Area_3,Type_7
14788,3333,105,14,67,8,1332,243,222,106,1505,62.29,255.04,796.86,62.12,Type_38,Area_2,Type_7
14493,3332,6,15,467,98,2927,201,210,145,2218,43.14,339.39,292.57,20.87,Type_38,Area_3,Type_7
8158,3233,98,15,60,2,2382,243,218,100,534,53.1,373.83,1096.59,5.72,Type_39,Area_3,Type_7
5290,3230,50,27,624,23,895,220,172,70,1974,73.23,275.11,379.47,45.76,Type_39,Area_1,Type_7
10517,3447,316,26,0,0,1633,144,209,200,1952,67.22,393.87,1186.56,34.4,Type_39,Area_2,Type_7
13762,3304,57,13,30,7,2867,228,213,116,1797,58.9,365.21,1075.23,23.73,Type_38,Area_3,Type_7
14795,3479,0,9,426,215,1170,206,222,154,1710,42.64,344.53,273.42,52.77,Type_40,Area_2,Type_7
6958,3359,47,20,150,4,3631,222,193,97,2574,70.64,283.9,975.77,34.46,Type_37,Area_1,Type_7
13754,3373,268,7,162,9,1597,202,243,179,895,44.07,188.86,492.34,13.63,Type_38,Area_3,Type_7
7429,3374,317,9,384,46,1465,197,233,175,854,69.82,346.91,829.93,8.7,Type_39,Area_3,Type_7
8143,3284,97,30,162,44,2282,252,181,0,636,68.69,288.58,448.42,45.29,Type_39,Area_3,Type_7
10141,3433,146,22,201,2,2610,244,230,103,1080,31.91,308.28,986.03,63.65,Type_40,Area_3,Type_7
14515,3465,315,14,309,44,5146,183,228,185,4140,53.65,307.58,443.23,31.6,Type_38,Area_3,Type_7
7421,3252,67,14,417,-46,3273,233,211,107,2056,41.77,411.03,1166.3,51.87,Type_39,Area_3,Type_7
14564,3384,92,15,553,227,1451,242,216,99,937,79.66,324.96,335.28,40.72,Type_39,Area_3,Type_7
7998,3394,140,11,782,155,2881,237,237,129,2257,57.32,344.6,330.73,40.08,Type_39,Area_3,Type_7
7796,3407,168,13,488,123,2188,230,245,143,488,30.04,330.73,1041.49,35.84,Type_38,Area_3,Type_7
10046,3369,124,29,150,51,2082,253,206,59,805,67.16,397.23,431.21,33.0,Type_40,Area_3,Type_7
9869,3408,124,11,0,0,2854,238,232,124,755,84.65,404.29,1092.22,21.66,Type_35,Area_3,Type_7
1674,3251,167,13,210,33,2813,230,244,144,2493,78.36,361.76,123.98,26.56,Type_29,Area_1,Type_7
9887,3360,175,12,42,2,2663,226,246,151,560,83.48,216.37,231.78,49.64,Type_39,Area_3,Type_7
10169,3380,95,10,760,183,604,237,225,118,234,59.89,234.06,944.91,23.61,Type_38,Area_2,Type_7
9279,3502,79,32,212,105,2574,242,164,26,3784,31.42,193.96,1128.64,54.18,Type_40,Area_1,Type_7
6848,3333,165,11,228,19,4023,230,244,144,2475,56.93,385.87,145.8,18.8,Type_38,Area_1,Type_7
14628,3185,67,16,60,-5,1477,235,206,98,779,46.6,201.97,530.53,63.11,Type_39,Area_3,Type_7
8111,3303,207,11,30,-2,2659,213,250,171,481,59.98,326.66,173.28,30.79,Type_38,Area_3,Type_7
14041,3368,174,7,990,166,2780,224,244,153,1529,31.56,434.24,487.22,11.36,Type_38,Area_3,Type_7
9308,3332,359,19,573,186,3811,189,202,148,3593,73.91,409.9,105.72,23.81,Type_40,Area_3,Type_7
14394,3321,8,7,418,97,2899,212,227,152,3287,67.85,436.21,499.12,30.47,Type_32,Area_3,Type_7
7430,3421,311,18,525,80,1717,169,225,195,604,69.95,267.14,819.94,28.58,Type_39,Area_3,Type_7
11905,3233,218,11,108,34,2683,207,251,179,2640,72.1,158.14,455.71,8.97,Type_29,Area_1,Type_7
6999,3349,3,20,67,19,3615,189,198,142,2318,50.74,438.77,1188.84,57.81,Type_37,Area_1,Type_7
9334,3352,351,18,552,18,3810,184,206,158,3528,72.99,271.23,1013.57,55.78,Type_40,Area_3,Type_7
9808,3216,161,32,134,57,1613,233,228,100,510,67.51,301.07,798.84,62.17,Type_39,Area_3,Type_7
9688,3792,342,12,942,346,4998,194,221,165,3093,47.88,227.74,365.97,35.92,Type_40,Area_3,Type_7
9489,3307,6,17,785,143,2521,196,204,142,2160,35.98,305.88,219.9,13.12,Type_40,Area_3,Type_7
7883,3400,340,10,994,61,1338,198,225,166,1775,62.98,234.38,166.29,59.1,Type_38,Area_3,Type_7
9554,3332,334,28,150,37,3384,146,192,178,2364,68.25,332.11,312.78,14.43,Type_24,Area_3,Type_7
7253,3377,83,11,234,28,2684,236,220,114,1655,45.92,296.79,1162.93,19.9,Type_38,Area_3,Type_7
7757,3363,340,14,800,92,1159,190,219,167,1854,45.72,178.27,831.25,36.0,Type_38,Area_3,Type_7
9796,3296,152,29,277,112,1842,241,226,94,366,64.39,298.22,561.99,35.16,Type_39,Area_3,Type_7
14314,3376,337,10,255,11,2614,197,225,167,2431,56.28,430.51,1105.98,16.33,Type_38,Area_3,Type_7
7251,3410,49,5,418,61,2602,222,229,142,1513,81.2,162.04,1009.59,37.72,Type_38,Area_3,Type_7
9951,3400,144,7,67,-3,3066,230,239,142,969,60.75,221.43,550.41,58.54,Type_35,Area_3,Type_7
10078,3319,63,12,888,194,1405,230,216,117,1758,56.53,254.06,577.97,37.71,Type_40,Area_3,Type_7
14803,3496,63,4,424,154,1319,224,231,143,1697,86.42,387.15,389.54,36.0,Type_40,Area_2,Type_7
10326,3412,20,6,402,2,872,216,228,149,819,44.54,219.9,737.48,36.72,Type_40,Area_2,Type_7
9324,3371,165,16,774,92,4351,232,243,137,2312,55.72,191.71,485.99,60.47,Type_38,Area_3,Type_7
7891,3417,204,11,1020,68,3226,214,250,170,1320,39.03,447.42,711.6,59.71,Type_38,Area_3,Type_7
14102,3323,5,11,525,89,721,206,219,150,1653,74.11,292.49,196.32,52.78,Type_31,Area_3,Type_7
13781,3375,60,13,124,26,2873,230,212,113,1579,89.73,150.93,500.71,38.71,Type_38,Area_3,Type_7
10392,3345,190,7,0,0,1214,220,245,160,1230,62.5,252.35,178.86,49.06,Type_38,Area_2,Type_7
7707,3441,38,10,721,92,3478,220,217,131,1471,63.25,336.29,364.03,41.95,Type_39,Area_3,Type_7
7773,3376,346,14,800,105,1234,191,217,163,1742,44.94,346.12,770.1,61.03,Type_38,Area_3,Type_7
6549,3277,74,15,469,90,684,237,211,102,1050,38.67,213.89,680.43,39.07,Type_39,Area_3,Type_7
7993,3350,214,10,85,0,2623,211,250,174,691,46.44,409.45,450.38,40.16,Type_38,Area_3,Type_7
7926,3371,194,6,42,-1,2862,219,245,161,543,45.64,247.0,955.19,16.02,Type_38,Area_3,Type_7
8628,3365,78,6,485,43,1082,227,230,137,2442,81.74,416.54,137.18,62.17,Type_32,Area_3,Type_7
9828,3243,143,15,201,18,1989,240,236,121,150,62.2,428.06,460.14,41.29,Type_35,Area_3,Type_7
5633,3336,331,20,108,3,4233,167,210,180,4023,41.2,237.65,1096.34,17.37,Type_38,Area_1,Type_7
8598,3323,222,7,150,12,1127,211,247,173,1660,50.87,217.25,448.78,17.78,Type_21,Area_3,Type_7
14193,3329,255,5,90,11,1148,209,243,172,1756,59.36,319.39,258.51,34.4,Type_38,Area_3,Type_7
9923,3262,31,15,42,0,2184,215,207,125,270,66.3,308.08,609.77,47.42,Type_35,Area_3,Type_7
9833,3202,84,19,67,8,1790,243,205,85,313,39.75,210.24,1136.8,22.87,Type_35,Area_3,Type_7
9314,3400,227,13,42,1,4231,202,252,185,3660,52.07,309.56,667.05,57.39,Type_35,Area_3,Type_7
13530,3220,85,17,277,61,816,242,209,90,842,34.99,173.57,379.0,46.8,Type_39,Area_3,Type_7
13813,3432,313,21,552,79,1813,159,219,198,534,48.75,334.19,228.48,48.31,Type_39,Area_3,Type_7
14757,3418,59,1,256,8,1008,220,235,152,953,61.0,385.72,444.59,6.81,Type_40,Area_2,Type_7
2769,3333,211,16,721,106,4155,205,253,179,1987,60.04,384.25,441.57,61.59,Type_38,Area_1,Type_7
9270,3424,148,17,190,17,4257,240,236,119,4302,47.35,434.07,145.39,45.24,Type_40,Area_3,Type_7
9304,3388,159,15,216,16,4205,235,242,133,3379,60.31,386.06,437.75,28.4,Type_33,Area_3,Type_7
12021,3370,22,5,0,0,2727,217,229,149,2268,54.01,316.71,268.59,15.08,Type_38,Area_1,Type_7
9537,3274,0,13,1154,257,2145,200,215,152,2030,68.05,447.05,260.17,44.15,Type_38,Area_3,Type_7
4998,3241,52,21,42,-4,3430,226,190,88,3803,49.67,288.63,272.3,36.97,Type_38,Area_1,Type_7
10186,3400,125,14,900,190,771,242,230,113,108,59.69,197.72,208.9,29.69,Type_38,Area_2,Type_7
10542,3571,66,16,360,77,1809,234,207,101,2271,66.75,181.07,857.04,61.76,Type_40,Area_2,Type_7
1663,3268,176,16,270,50,2955,227,247,148,2347,85.16,172.07,722.93,8.28,Type_29,Area_1,Type_7
9039,3387,161,9,330,75,1458,230,242,144,2897,74.14,430.56,1112.05,57.98,Type_38,Area_1,Type_7
9802,3238,169,35,162,79,1608,222,229,107,525,42.0,286.88,892.67,28.55,Type_39,Area_3,Type_7
9426,3295,171,23,190,49,1785,229,243,133,2737,76.63,388.61,1127.07,43.22,Type_39,Area_1,Type_7
9395,3369,13,5,42,2,4599,215,229,151,4468,52.68,296.44,495.67,53.34,Type_23,Area_3,Type_7
2217,3377,112,11,268,43,2402,239,228,118,2574,79.76,152.19,956.89,17.3,Type_38,Area_1,Type_7
9757,3424,338,15,1003,282,4264,186,217,170,2617,44.56,444.39,938.62,17.1,Type_40,Area_3,Type_7
14614,3196,76,19,175,5,1517,239,202,86,671,71.87,190.28,687.8,22.73,Type_39,Area_3,Type_7
9407,3290,105,19,295,51,1705,248,213,86,2630,43.94,213.41,599.94,13.06,Type_39,Area_1,Type_7
10003,3350,354,11,192,53,2348,201,220,157,543,40.57,430.45,188.17,39.56,Type_39,Area_3,Type_7
7779,3354,30,16,424,115,3241,213,203,121,2257,83.84,152.7,121.99,31.07,Type_39,Area_3,Type_7
14822,3516,320,14,323,22,1608,182,225,183,2053,30.08,323.36,552.39,51.25,Type_40,Area_2,Type_7
5709,3264,328,18,42,13,3891,173,215,181,4079,69.39,326.66,273.61,5.45,Type_38,Area_1,Type_7
14047,3338,180,12,789,136,2925,224,247,154,1115,34.67,177.04,965.66,46.96,Type_33,Area_3,Type_7
9559,3311,336,13,228,-4,5017,190,222,170,3184,71.83,382.06,1040.18,33.33,Type_38,Area_3,Type_7
7699,3413,84,13,618,180,2155,238,217,107,1503,50.64,302.34,267.01,56.17,Type_39,Area_1,Type_7
9691,3379,306,17,924,204,4562,171,228,196,2770,88.03,166.78,248.95,62.68,Type_38,Area_3,Type_7
9680,3763,10,21,979,354,4767,193,193,132,2897,49.74,409.14,964.43,15.89,Type_40,Area_3,Type_7
9878,3229,337,7,42,4,1935,204,230,165,242,52.33,426.98,1159.65,61.25,Type_35,Area_3,Type_7
14687,3316,1,15,904,113,1972,198,211,150,638,50.73,402.27,470.46,63.75,Type_24,Area_3,Type_7
14774,3316,131,10,30,-2,1126,237,235,128,1263,60.85,386.11,154.84,11.87,Type_38,Area_2,Type_7
11997,3334,79,10,212,11,2646,233,223,121,2536,82.42,407.88,1104.86,12.78,Type_30,Area_1,Type_7
14534,3414,313,12,446,55,5269,189,231,182,3339,59.28,164.04,383.1,52.86,Type_38,Area_3,Type_7
8845,3396,94,7,509,47,1800,231,230,132,2364,31.14,412.59,1065.67,51.75,Type_32,Area_3,Type_7
14641,3209,8,13,60,4,1531,204,213,145,859,61.93,432.14,953.35,49.49,Type_22,Area_3,Type_7
9607,3371,338,19,458,29,5162,174,209,172,3212,78.83,355.08,391.37,57.5,Type_38,Area_3,Type_7
6550,3212,96,14,324,76,741,241,219,105,811,56.52,258.03,920.83,34.86,Type_31,Area_3,Type_7
9698,3812,17,13,1047,403,4602,209,213,139,2694,74.61,231.88,257.78,27.89,Type_40,Area_3,Type_7
2203,3312,86,13,60,12,2256,239,217,107,2766,55.35,334.03,532.69,16.42,Type_39,Area_1,Type_7
14442,3371,133,9,42,5,4455,235,236,132,4334,55.47,229.75,437.53,20.85,Type_23,Area_3,Type_7
9540,3298,286,7,180,14,4961,201,240,179,3127,65.59,186.17,1042.92,19.4,Type_38,Area_3,Type_7
9790,3185,151,29,153,28,1213,242,225,92,902,31.2,220.94,512.52,52.46,Type_39,Area_3,Type_7
8928,3404,311,9,190,31,2340,195,234,179,2581,39.85,303.67,545.36,28.8,Type_38,Area_3,Type_7
14782,3337,79,17,108,20,1284,240,207,92,1445,87.37,344.68,181.38,17.62,Type_38,Area_2,Type_7
6525,3224,107,15,417,97,646,244,221,103,849,34.0,215.73,1085.18,31.2,Type_31,Area_3,Type_7
10538,3550,340,21,210,56,1800,170,204,170,2215,35.42,305.4,978.14,36.26,Type_40,Area_2,Type_7
8210,3239,66,18,95,19,2497,235,201,91,426,39.46,275.46,316.51,46.83,Type_39,Area_3,Type_7
10149,3332,34,22,270,95,2210,211,185,101,1167,81.48,192.11,770.23,57.84,Type_39,Area_3,Type_7
12077,3372,112,10,242,38,2382,238,229,121,2597,41.36,382.25,281.67,36.11,Type_38,Area_1,Type_7
9611,3413,342,15,283,46,5310,187,215,167,3483,71.98,309.39,903.71,16.04,Type_38,Area_3,Type_7
8007,3307,198,29,192,72,2315,197,249,168,706,75.39,177.52,952.49,20.92,Type_39,Area_3,Type_7
10459,3474,6,14,552,129,1230,202,213,146,1660,31.21,330.79,390.1,33.11,Type_40,Area_2,Type_7
14543,3716,359,15,1103,270,5167,197,212,151,3326,41.01,396.82,184.61,22.11,Type_40,Area_3,Type_7
9854,3175,4,11,153,26,1426,205,219,150,721,64.44,169.29,947.79,61.77,Type_39,Area_3,Type_7
9447,3218,19,12,870,93,2110,211,214,138,2285,88.23,256.94,389.3,53.69,Type_38,Area_3,Type_7
14419,3321,342,15,541,38,3529,187,215,167,3492,88.15,360.82,192.0,56.84,Type_40,Area_3,Type_7
14616,3239,348,14,108,13,1861,192,216,161,335,83.11,344.0,1171.88,32.07,Type_35,Area_3,Type_7
9097,3263,126,25,67,25,3999,252,213,73,3376,47.34,331.91,788.27,52.36,Type_33,Area_3,Type_7
7384,3400,45,11,242,51,2919,223,217,127,1452,63.67,414.73,1014.46,45.53,Type_38,Area_3,Type_7
10516,3409,348,16,134,40,1717,189,213,161,1954,59.65,444.62,1009.21,26.34,Type_39,Area_2,Type_7
7837,3398,352,9,830,59,1342,205,225,158,1674,66.34,214.46,343.52,22.15,Type_38,Area_3,Type_7
9351,3368,189,12,577,110,4432,220,249,160,2599,36.74,261.21,1027.69,47.0,Type_33,Area_3,Type_7
9907,3254,345,14,162,29,1883,191,217,164,366,80.7,283.56,1066.24,31.81,Type_39,Area_3,Type_7
7460,3375,307,12,417,50,1463,186,233,186,866,45.43,305.31,1176.35,15.95,Type_39,Area_3,Type_7
7795,3411,182,5,247,72,1852,222,244,157,832,73.63,355.38,728.84,30.33,Type_38,Area_3,Type_7
7676,3317,25,15,319,78,3428,211,205,127,2131,64.67,421.62,692.37,39.22,Type_39,Area_3,Type_7
14635,3414,96,24,0,0,3194,250,198,63,1092,66.16,382.42,358.54,51.75,Type_35,Area_3,Type_7
13845,3281,39,15,300,116,3510,219,207,119,2098,55.58,254.68,806.78,31.49,Type_39,Area_3,Type_7
10211,3367,121,18,732,157,633,247,223,97,67,88.56,162.55,501.66,23.5,Type_38,Area_2,Type_7
14789,3452,8,9,509,203,1100,210,223,150,1558,35.24,223.84,255.76,42.43,Type_40,Area_2,Type_7
9549,3339,315,5,42,-2,4980,206,236,168,3515,58.21,260.28,185.8,48.42,Type_38,Area_3,Type_7
7360,3390,51,10,190,41,2876,225,219,127,1513,82.52,206.17,848.5,43.69,Type_38,Area_3,Type_7
9232,3386,293,14,404,85,3628,180,236,196,1657,37.35,169.8,740.23,58.0,Type_38,Area_3,Type_7
3011,3286,219,9,379,59,3990,210,249,175,2330,62.93,298.53,250.41,5.24,Type_23,Area_1,Type_7
10123,3308,4,14,902,105,1943,201,212,148,661,83.44,200.41,428.08,15.81,Type_24,Area_3,Type_7
13910,3467,148,9,755,118,3501,232,240,139,1289,43.85,278.25,744.07,46.53,Type_37,Area_3,Type_7
2042,3377,257,5,150,27,2640,208,243,173,2396,63.67,340.21,457.94,60.43,Type_39,Area_1,Type_7
14485,3377,56,11,108,29,3838,227,218,123,2949,34.4,407.02,1175.4,26.23,Type_39,Area_3,Type_7
7994,3383,169,9,1061,181,3156,227,244,149,1065,48.89,407.2,1182.75,41.71,Type_38,Area_3,Type_7
9663,3712,322,9,938,266,5463,198,232,173,3577,45.75,349.75,309.0,54.21,Type_40,Area_3,Type_7
13902,3480,68,7,713,131,3463,227,226,133,1216,78.82,246.78,615.42,34.57,Type_37,Area_3,Type_7
5086,3212,63,33,540,216,726,228,154,32,1991,60.29,235.24,151.78,27.7,Type_30,Area_1,Type_7
14436,3394,133,23,277,49,4273,249,222,88,3247,51.21,396.65,1067.46,54.45,Type_33,Area_3,Type_7
1925,3328,21,7,90,6,3055,215,224,146,2028,77.65,175.43,1147.38,18.2,Type_38,Area_1,Type_7
13892,3224,79,25,175,58,1426,243,186,58,1377,80.39,395.82,862.11,30.02,Type_30,Area_1,Type_7
9294,3323,352,19,594,185,3744,182,203,156,3576,63.9,310.19,220.46,58.94,Type_40,Area_3,Type_7
4915,3251,81,6,30,0,3537,228,230,136,3692,39.97,172.01,343.0,62.76,Type_38,Area_1,Type_7
10327,3408,61,13,458,51,767,230,211,111,810,54.84,395.42,581.79,53.55,Type_40,Area_2,Type_7
9227,3400,158,11,124,3,4241,232,242,139,4025,54.16,434.58,955.53,33.53,Type_33,Area_3,Type_7
9773,3142,123,19,335,-12,1022,248,222,95,1115,40.54,193.31,964.1,63.92,Type_39,Area_3,Type_7
9256,3306,345,19,600,185,3665,180,207,164,3584,49.63,365.15,363.55,17.48,Type_40,Area_3,Type_7
10307,3398,84,7,511,-23,797,230,228,131,696,84.48,161.98,418.3,49.94,Type_40,Area_2,Type_7
9055,3367,152,39,212,138,3838,235,208,64,3262,64.53,340.62,131.77,25.2,Type_33,Area_3,Type_7
9900,3246,76,14,0,0,2154,237,213,105,180,32.5,393.3,997.79,43.91,Type_35,Area_3,Type_7
9093,3220,127,7,30,-2,4045,233,235,135,3294,59.27,367.52,368.19,36.31,Type_33,Area_3,Type_7
10360,3436,125,8,108,26,1158,233,235,134,1072,68.03,150.44,695.27,29.79,Type_40,Area_2,Type_7
7585,3172,76,10,182,3,1243,232,222,121,1209,62.07,380.66,201.43,6.47,Type_29,Area_1,Type_7
13292,3398,329,27,331,73,3637,147,198,184,3734,36.85,183.47,710.03,64.81,Type_39,Area_1,Type_7
14685,3480,154,35,285,35,2556,237,218,80,990,77.36,246.99,1121.74,17.83,Type_40,Area_3,Type_7
9230,3378,123,13,150,-4,2185,242,230,114,3408,74.21,322.96,953.35,28.04,Type_38,Area_1,Type_7
10358,3568,108,17,162,75,1616,247,218,93,1321,52.62,407.85,507.59,22.14,Type_40,Area_2,Type_7
9424,3232,338,13,0,0,2989,191,221,169,2670,54.1,353.93,1107.83,27.25,Type_23,Area_3,Type_7
6915,3232,120,9,30,-3,4039,236,233,128,1880,47.51,432.78,535.76,35.77,Type_38,Area_1,Type_7
13894,3403,306,10,466,64,1556,192,235,183,972,85.86,284.75,373.42,42.62,Type_38,Area_3,Type_7
3346,3233,210,9,127,11,3949,213,249,171,2583,72.98,393.12,775.57,21.74,Type_23,Area_1,Type_7
13819,3385,322,11,426,50,1566,192,229,177,752,69.16,305.85,272.13,25.89,Type_38,Area_3,Type_7
8268,3400,171,6,866,194,1354,224,243,153,1834,51.91,446.31,1193.4,5.93,Type_38,Area_3,Type_7
7667,3447,81,14,750,214,2256,238,215,106,1510,68.57,341.31,1113.83,26.79,Type_39,Area_1,Type_7
9379,3409,356,36,242,124,4775,139,151,132,4090,82.58,340.83,771.15,19.38,Type_39,Area_3,Type_7
6040,3377,26,10,295,0,4325,215,218,138,3869,82.0,160.09,1139.5,61.36,Type_40,Area_1,Type_7
7341,3382,265,8,319,32,1601,200,244,182,768,86.64,324.04,1020.57,60.22,Type_38,Area_3,Type_7
14549,3721,342,10,953,275,5374,198,224,165,3491,64.0,426.16,788.44,35.12,Type_40,Area_3,Type_7
9274,3302,225,4,95,-12,4514,215,243,166,3957,52.87,181.13,638.36,44.67,Type_23,Area_3,Type_7
10380,3324,133,22,153,43,808,248,224,93,1136,76.61,350.93,158.78,17.42,Type_24,Area_2,Type_7
7798,3399,151,12,470,35,2264,235,240,134,433,39.87,431.34,1013.42,33.69,Type_38,Area_3,Type_7
11915,3226,114,3,30,2,3236,224,236,147,2103,84.9,181.93,913.81,46.34,Type_38,Area_1,Type_7
9960,3300,308,12,0,0,2395,188,232,185,430,44.04,341.24,230.58,44.92,Type_35,Area_3,Type_7
7417,3439,309,20,573,89,1822,161,223,200,516,48.29,249.96,280.18,22.45,Type_39,Area_3,Type_7
2794,3304,144,10,741,77,4468,235,238,133,1827,45.57,426.24,856.17,7.66,Type_38,Area_1,Type_7
14402,3456,198,12,716,144,4089,216,250,167,2931,55.79,347.74,337.16,47.37,Type_40,Area_3,Type_7
13881,3474,117,6,907,241,2389,231,234,136,1397,59.14,210.31,541.32,47.06,Type_35,Area_1,Type_7
14194,3344,279,5,127,5,1090,207,240,172,1994,78.8,259.69,1070.22,46.41,Type_32,Area_3,Type_7
4916,3224,92,19,0,0,3389,246,207,82,3766,84.99,393.82,1036.61,19.31,Type_38,Area_1,Type_7
9463,3478,18,14,511,130,4168,208,210,136,3358,74.14,267.75,1105.23,37.13,Type_40,Area_3,Type_7
2097,3320,104,15,170,37,2405,245,219,99,2663,64.66,189.75,1034.05,29.92,Type_39,Area_1,Type_7
7604,3206,99,18,192,37,1338,247,212,87,1302,84.24,251.6,794.19,52.19,Type_30,Area_1,Type_7
12037,3379,42,6,30,3,2698,221,227,141,2278,44.3,312.95,666.69,62.05,Type_39,Area_1,Type_7
9711,3836,335,10,870,387,4896,198,227,168,2955,41.28,157.27,818.01,63.03,Type_40,Area_3,Type_7
7754,3362,113,26,424,129,2012,253,203,61,1514,55.52,358.74,978.73,25.44,Type_39,Area_1,Type_7
13914,3367,126,21,446,134,2002,250,220,87,1539,83.29,346.07,776.01,28.99,Type_39,Area_1,Type_7
11948,3342,90,23,361,52,3421,247,198,67,1706,46.35,297.15,112.29,59.27,Type_29,Area_1,Type_7
9213,3405,157,12,134,8,4212,233,241,137,3998,33.86,382.73,667.32,34.92,Type_33,Area_3,Type_7
1806,3193,53,12,42,-4,2678,227,213,118,2762,76.48,427.44,546.05,49.01,Type_29,Area_1,Type_7
13830,3419,45,18,335,70,3109,222,198,104,1399,58.12,419.03,939.77,43.22,Type_39,Area_3,Type_7
9655,3727,3,18,1008,318,4964,194,204,145,3120,61.17,163.35,720.36,24.76,Type_40,Area_3,Type_7
10275,3400,127,2,649,-37,730,223,237,150,543,85.33,259.6,554.75,53.26,Type_40,Area_2,Type_7
7817,3409,326,2,258,70,1697,215,237,160,1064,45.21,189.43,144.48,35.25,Type_38,Area_3,Type_7
10548,3585,343,13,247,91,1884,193,219,165,2308,81.93,292.81,121.59,21.31,Type_40,Area_2,Type_7
4761,3145,324,39,330,149,514,97,168,195,2084,58.99,433.94,766.43,45.25,Type_30,Area_1,Type_7
8451,3359,45,3,450,48,769,220,232,149,1864,70.41,229.89,555.81,33.94,Type_32,Area_3,Type_7
6926,3290,50,7,0,0,3855,224,224,135,2201,32.37,193.12,626.53,13.32,Type_38,Area_1,Type_7
14727,3521,115,4,540,28,1320,227,236,144,782,64.79,298.68,622.62,15.09,Type_40,Area_2,Type_7
9315,3356,28,8,42,0,4478,217,223,141,4164,63.32,234.46,1172.23,6.48,Type_23,Area_3,Type_7
14343,3409,133,18,300,171,3783,245,229,105,3314,38.59,290.48,265.24,49.08,Type_33,Area_3,Type_7
13835,3402,326,17,516,76,1570,177,219,181,765,53.74,325.35,1025.46,49.04,Type_39,Area_3,Type_7
7626,3357,113,22,524,124,1776,251,211,77,1753,69.04,275.78,924.96,13.72,Type_39,Area_1,Type_7
13952,3425,172,13,990,76,3354,228,246,147,1112,75.2,348.35,452.22,54.33,Type_36,Area_3,Type_7
14807,3420,299,19,150,19,1443,164,229,204,1776,47.42,232.46,788.88,27.8,Type_39,Area_2,Type_7
9204,3429,156,23,90,22,4138,239,236,114,4042,58.58,273.31,588.1,56.63,Type_33,Area_3,Type_7
6578,3304,64,11,474,104,755,230,217,118,1142,46.24,418.82,367.59,44.28,Type_39,Area_3,Type_7
14694,3407,124,13,242,46,2516,241,231,117,1084,69.45,374.82,1193.46,19.21,Type_39,Area_3,Type_7
13041,3258,83,4,67,-3,3661,225,233,143,3810,55.66,299.83,507.85,61.62,Type_38,Area_1,Type_7
14103,3413,191,11,779,207,1989,220,249,162,1200,47.42,212.68,1031.23,46.53,Type_38,Area_3,Type_7
14566,3345,90,19,480,188,1296,245,206,81,999,38.95,173.1,1139.37,9.55,Type_39,Area_3,Type_7
7214,3259,51,12,0,0,2819,226,214,120,1756,60.55,381.16,1071.77,20.94,Type_38,Area_3,Type_7
7906,3357,124,22,67,18,1888,251,218,84,1024,89.53,379.03,1189.97,33.47,Type_39,Area_3,Type_7
10484,3455,289,20,268,26,1376,161,234,211,1761,44.69,228.05,727.4,21.73,Type_40,Area_2,Type_7
2034,3330,100,18,283,65,2531,247,212,87,2583,88.32,333.36,337.5,53.41,Type_39,Area_1,Type_7
10507,3515,325,4,424,68,1478,210,235,163,1958,57.18,387.57,1190.77,10.28,Type_40,Area_2,Type_7
6927,3267,95,10,0,0,3912,237,225,118,2069,54.18,198.78,1196.26,28.92,Type_38,Area_1,Type_7
14494,3330,10,15,534,110,2864,202,208,141,2184,34.31,360.91,959.0,25.07,Type_40,Area_3,Type_7
13157,3301,336,9,124,9,4134,199,227,167,3899,40.77,336.04,416.71,8.25,Type_38,Area_1,Type_7
7992,3284,143,24,0,0,2121,246,227,95,819,43.71,215.05,726.41,12.49,Type_22,Area_3,Type_7
9215,3277,323,17,564,172,3589,175,221,184,3576,31.41,333.55,287.85,32.25,Type_40,Area_3,Type_7
10264,3427,141,3,566,-65,962,224,238,150,566,86.54,229.16,587.5,5.36,Type_38,Area_2,Type_7
5559,3299,329,3,350,75,1110,213,236,161,2263,46.51,271.45,917.97,14.69,Type_40,Area_1,Type_7
7886,3380,181,12,255,96,2132,224,248,154,721,79.36,178.4,540.11,18.5,Type_38,Area_3,Type_7
7731,3372,25,17,534,151,3360,209,200,123,1909,61.65,364.17,311.27,36.73,Type_39,Area_3,Type_7
9742,3396,95,17,446,239,1471,245,213,92,828,31.98,305.88,206.89,50.73,Type_39,Area_3,Type_7
9207,3305,90,14,391,81,2795,241,216,101,3235,60.07,360.77,1050.49,9.24,Type_32,Area_3,Type_7
13076,3278,342,3,30,1,3879,213,235,159,3778,67.52,238.69,1010.37,64.39,Type_38,Area_1,Type_7
10521,3500,313,12,270,53,1589,187,230,183,2012,62.05,175.43,746.52,41.13,Type_40,Area_2,Type_7
7373,3301,58,9,175,-13,3092,227,221,127,1894,35.97,410.93,1095.1,8.09,Type_38,Area_3,Type_7
9588,3500,315,11,408,40,5238,191,231,180,4350,54.39,367.25,121.64,30.47,Type_38,Area_3,Type_7
8814,3382,58,4,600,53,1650,223,230,143,2391,50.78,384.42,898.57,27.45,Type_38,Area_3,Type_7
8924,3406,315,7,256,33,2310,201,234,172,2613,79.68,309.59,161.22,7.83,Type_38,Area_3,Type_7
10531,3520,330,18,212,26,1712,174,215,180,2126,74.9,286.0,553.85,48.58,Type_40,Area_2,Type_7
10385,3566,11,10,216,73,1637,209,220,147,1398,83.61,323.31,453.78,36.47,Type_40,Area_2,Type_7
6577,3308,58,11,499,94,752,228,218,122,1172,85.2,305.19,533.09,57.49,Type_39,Area_3,Type_7
14300,3417,325,10,342,44,2310,196,230,173,2688,72.29,250.08,363.58,50.27,Type_38,Area_3,Type_7
9872,3226,63,5,30,-1,2040,225,229,139,127,61.01,214.49,214.66,39.06,Type_35,Area_3,Type_7
9208,3283,100,10,362,116,2691,237,227,120,3187,71.22,167.97,242.97,22.2,Type_39,Area_3,Type_7
14766,3348,129,21,180,53,858,249,222,91,1120,51.19,238.95,879.49,15.85,Type_24,Area_2,Type_7
8374,3426,177,14,540,226,2418,226,247,150,782,74.61,279.28,784.04,21.43,Type_38,Area_3,Type_7
8370,3331,225,3,630,114,886,216,242,163,1106,36.79,342.53,198.27,45.67,Type_32,Area_3,Type_7
1668,3201,105,3,300,-5,2007,224,236,147,2848,85.84,333.93,602.0,49.75,Type_29,Area_1,Type_7
13944,3409,104,2,234,70,1718,222,236,150,1075,42.65,209.41,165.24,11.63,Type_38,Area_3,Type_7
7801,3446,176,15,883,97,3406,226,247,149,1209,32.27,398.84,1087.99,42.06,Type_36,Area_3,Type_7
7775,3417,181,14,446,109,2097,224,248,154,534,50.05,378.08,857.37,50.96,Type_38,Area_3,Type_7
13971,3270,88,19,182,37,2012,245,205,82,1379,42.26,404.13,1171.9,52.48,Type_39,Area_1,Type_7
9497,3312,11,14,525,107,2800,205,212,142,2230,59.72,203.32,172.17,49.98,Type_38,Area_3,Type_7
14659,3286,60,18,134,-20,1826,231,200,95,997,43.03,309.41,1177.78,33.28,Type_39,Area_3,Type_7
8327,3333,23,5,630,38,834,217,228,148,1500,37.56,305.48,778.4,31.99,Type_32,Area_3,Type_7
7536,3402,111,7,713,123,1919,232,233,134,1812,72.08,173.79,1107.51,40.6,Type_35,Area_1,Type_7
14369,3364,86,8,272,42,2029,232,227,129,3399,87.72,331.33,1050.18,7.83,Type_38,Area_1,Type_7
8822,3385,57,5,607,59,1680,223,229,142,2374,89.57,442.19,653.38,43.6,Type_38,Area_3,Type_7
9376,3336,181,15,664,104,4298,224,248,153,2258,44.8,380.29,908.94,16.91,Type_38,Area_3,Type_7
7632,3341,42,17,513,176,3517,220,201,111,1878,66.19,424.94,532.55,9.08,Type_39,Area_3,Type_7
10394,3313,143,19,90,18,916,243,233,110,1213,62.72,360.57,239.15,30.62,Type_24,Area_2,Type_7
14307,3378,326,14,67,2,2502,183,223,179,2509,38.75,165.16,601.34,21.67,Type_38,Area_3,Type_7
9853,3227,191,5,67,2,1994,220,244,160,124,33.34,401.02,333.53,41.28,Type_35,Area_3,Type_7
12311,3277,194,8,524,50,4283,219,247,162,2058,66.87,239.18,415.18,15.44,Type_23,Area_1,Type_7
8223,3244,64,21,108,25,2521,234,194,82,408,35.86,420.17,771.66,21.84,Type_39,Area_3,Type_7
7022,3363,38,11,0,0,3511,220,215,128,2438,79.01,239.39,1019.59,8.83,Type_37,Area_1,Type_7
7828,3412,68,7,700,180,3226,227,226,133,1804,50.16,214.59,1035.14,40.63,Type_39,Area_3,Type_7
10551,3591,337,16,216,87,1953,182,215,171,2359,56.12,310.71,726.68,61.44,Type_40,Area_2,Type_7
14458,3406,1,18,577,58,4052,191,203,147,3522,36.86,326.61,1178.19,16.55,Type_39,Area_3,Type_7
9067,3383,151,23,256,10,1781,242,232,106,3087,45.2,164.55,811.84,54.59,Type_40,Area_1,Type_7
9771,3445,328,20,1068,305,4302,167,212,183,2672,75.96,365.97,1097.1,21.92,Type_40,Area_3,Type_7
3394,3231,158,8,42,4,4126,229,242,146,2522,49.52,421.96,981.01,43.5,Type_38,Area_1,Type_7
14524,3467,282,8,150,27,5288,198,241,182,4081,42.52,404.99,316.66,11.36,Type_38,Area_3,Type_7
1940,3359,303,16,127,36,2872,173,230,197,2268,34.62,173.22,890.19,63.16,Type_39,Area_1,Type_7
9687,3399,276,15,949,214,4681,179,242,202,2868,47.13,312.86,825.27,26.56,Type_39,Area_3,Type_7
9500,3246,0,14,1027,229,2125,199,213,151,2161,42.88,278.26,1029.16,7.99,Type_24,Area_3,Type_7
14801,3340,343,6,0,0,1482,207,230,162,1684,87.93,308.28,1006.0,32.2,Type_38,Area_2,Type_7
10143,3324,348,19,541,121,2178,182,206,161,899,85.48,228.73,510.02,36.87,Type_39,Area_3,Type_7
9666,3421,294,16,832,231,4740,173,234,201,2890,74.68,281.99,931.35,29.98,Type_39,Area_3,Type_7
14489,3321,349,14,638,131,2741,194,217,160,2164,42.58,342.59,756.93,46.33,Type_40,Area_3,Type_7
2835,3310,207,11,630,83,4191,213,250,171,2023,53.87,415.47,287.93,35.18,Type_23,Area_1,Type_7
10405,3581,34,5,362,134,1734,219,228,146,1539,88.38,407.97,661.1,5.86,Type_40,Area_2,Type_7
10163,3361,88,7,67,4,2440,231,228,129,1201,58.46,291.53,1183.6,23.08,Type_39,Area_3,Type_7
9925,3190,356,24,30,12,1431,173,189,147,882,61.91,171.63,1025.25,22.01,Type_22,Area_3,Type_7
14805,3504,52,13,474,214,1296,226,211,116,1793,34.27,372.77,1152.34,56.33,Type_40,Area_2,Type_7
8806,3379,75,5,595,45,1620,226,231,140,2410,80.48,254.29,829.64,38.71,Type_32,Area_3,Type_7
13993,3448,0,7,514,109,1693,210,228,155,1290,41.36,207.7,980.49,40.14,Type_40,Area_3,Type_7
9344,3364,167,13,757,85,4340,230,245,143,2301,75.7,308.88,156.32,61.97,Type_38,Area_3,Type_7
7569,3292,102,14,433,126,1579,242,221,105,1565,79.24,197.96,204.49,56.61,Type_39,Area_1,Type_7
2167,3383,350,5,150,5,2529,210,231,159,2447,68.05,337.17,756.97,26.53,Type_40,Area_1,Type_7
9210,3582,95,22,330,80,2630,249,202,70,3851,64.98,222.3,848.84,7.98,Type_40,Area_1,Type_7
9550,3456,323,11,458,37,5041,191,228,177,4234,87.27,409.17,785.97,46.79,Type_38,Area_3,Type_7
7096,3393,29,14,42,3,3368,214,208,127,2394,65.55,433.25,498.04,37.81,Type_35,Area_1,Type_7
8397,3353,81,47,182,153,2738,229,113,0,430,65.38,325.77,616.14,10.51,Type_39,Area_3,Type_7
14743,3428,113,18,175,22,2691,248,218,91,1926,78.35,217.95,343.3,53.79,Type_39,Area_3,Type_7
14440,3372,183,14,666,123,4413,223,249,155,2496,50.42,180.14,1085.77,42.31,Type_38,Area_3,Type_7
9216,3294,328,13,624,192,3506,188,224,175,3583,49.76,350.39,383.52,37.82,Type_40,Area_3,Type_7
10065,3314,38,8,0,0,2001,220,222,137,932,38.89,265.95,447.37,45.08,Type_39,Area_3,Type_7
2133,3389,65,13,85,11,2674,232,214,112,2295,63.59,277.99,1185.88,21.88,Type_39,Area_1,Type_7
9350,3365,185,14,659,116,4444,222,249,157,2458,81.38,356.17,990.85,10.07,Type_38,Area_3,Type_7
9496,3358,28,15,95,10,3737,213,207,126,2866,57.86,325.58,247.99,64.11,Type_39,Area_3,Type_7
10073,3411,148,28,247,92,2256,243,224,89,837,68.14,218.17,691.07,51.22,Type_40,Area_3,Type_7
9786,3421,300,22,1073,293,4143,154,226,209,2579,76.1,380.74,662.09,21.88,Type_27,Area_3,Type_7
6579,3298,70,12,450,98,760,233,215,112,1112,52.23,253.95,91.38,53.74,Type_39,Area_3,Type_7
13642,3313,164,7,182,17,3900,227,242,149,2442,58.54,214.98,536.37,36.4,Type_38,Area_1,Type_7
9453,3462,15,11,365,114,4023,210,216,142,3268,38.78,269.32,898.98,13.28,Type_40,Area_3,Type_7
7169,3263,88,11,108,4,2716,236,222,116,1651,45.74,406.46,473.61,29.85,Type_38,Area_3,Type_7
10313,3427,108,5,297,-33,1101,229,234,138,845,87.21,292.94,624.43,62.47,Type_38,Area_2,Type_7
14481,3244,11,16,990,118,2187,201,205,139,2170,34.83,228.13,816.29,52.64,Type_38,Area_3,Type_7
10467,3490,21,11,443,212,1231,213,217,140,1756,55.44,184.18,345.65,54.26,Type_40,Area_2,Type_7
5835,3376,238,4,90,8,4252,212,244,170,4112,77.78,306.02,554.42,45.99,Type_40,Area_1,Type_7
14828,3575,340,16,300,81,1816,185,216,168,2259,71.55,174.84,546.6,7.49,Type_40,Area_2,Type_7
10297,3409,67,7,525,-28,837,228,226,132,648,82.45,274.96,139.22,10.41,Type_38,Area_2,Type_7
1720,3240,158,4,234,11,3492,225,240,150,1831,44.35,406.6,201.22,52.12,Type_38,Area_1,Type_7
9984,3334,6,26,85,30,2458,179,180,130,524,84.59,159.53,1067.31,41.06,Type_39,Area_3,Type_7
10134,3447,150,28,228,12,2592,242,226,92,1050,57.62,356.4,315.66,34.67,Type_40,Area_3,Type_7
12263,3303,208,12,671,76,4315,211,251,173,1931,75.8,302.86,1192.87,48.12,Type_38,Area_1,Type_7
8346,3333,355,8,582,99,785,207,225,157,1613,75.18,169.57,1153.19,45.67,Type_31,Area_3,Type_7
9061,3440,105,26,390,202,3759,253,198,56,3395,85.35,254.24,588.92,58.93,Type_39,Area_3,Type_7
7432,3281,57,14,384,-33,3276,229,209,110,1962,57.61,279.48,210.74,30.17,Type_39,Area_3,Type_7
7816,3404,351,11,552,65,1465,199,221,159,1405,60.96,414.42,401.89,34.31,Type_38,Area_3,Type_7
9534,3388,47,9,175,14,3852,223,220,131,2821,80.68,334.92,525.69,49.94,Type_39,Area_3,Type_7
1711,3217,162,6,60,0,2954,226,242,149,2370,39.12,327.42,691.9,5.59,Type_29,Area_1,Type_7
14008,3457,7,8,612,118,1704,211,225,151,1333,65.78,215.42,266.26,35.92,Type_40,Area_3,Type_7
9851,3437,132,17,85,-2,2989,245,228,105,900,68.76,226.16,424.31,51.02,Type_35,Area_3,Type_7
9316,3344,351,19,552,10,3770,184,205,157,3531,36.0,178.87,676.16,52.77,Type_40,Area_3,Type_7
8161,3342,157,9,1099,149,2642,230,242,143,1834,87.77,224.84,122.48,24.95,Type_38,Area_3,Type_7
7668,3411,108,10,636,178,2110,237,229,122,1570,71.57,436.35,144.07,47.62,Type_35,Area_1,Type_7
9820,3247,161,17,216,22,1953,235,242,132,192,51.18,172.07,422.68,54.3,Type_39,Area_3,Type_7
10112,3427,128,31,330,108,2400,252,204,54,938,32.14,228.31,426.35,33.04,Type_40,Area_3,Type_7
14767,3354,167,19,175,35,937,232,243,135,1142,57.52,201.22,682.66,39.64,Type_24,Area_2,Type_7
9724,3846,342,1,949,397,4743,217,237,157,2794,74.16,337.62,688.46,37.14,Type_40,Area_3,Type_7
5390,3281,38,11,402,89,960,220,216,130,2197,81.81,225.3,1020.28,53.56,Type_39,Area_1,Type_7
8222,3352,88,46,277,121,2413,237,124,0,564,41.55,322.19,396.4,34.51,Type_39,Area_3,Type_7
14718,3390,65,14,780,180,730,232,211,109,162,83.67,240.71,371.68,19.21,Type_38,Area_2,Type_7
7689,3315,16,14,295,76,3393,207,209,137,2215,48.37,241.56,966.62,51.66,Type_31,Area_3,Type_7
7777,3454,175,13,853,105,3435,227,246,149,1213,50.46,355.19,531.16,16.85,Type_38,Area_3,Type_7
9404,3420,5,19,595,223,4226,193,200,142,3632,48.06,426.87,485.36,46.49,Type_39,Area_3,Type_7
1934,3336,76,13,85,13,2835,236,216,109,2362,66.21,159.33,184.7,31.53,Type_39,Area_1,Type_7
7284,3447,314,16,658,78,2087,174,225,190,600,67.35,220.47,975.39,7.87,Type_38,Area_3,Type_7
9173,3297,43,12,481,130,2751,222,213,123,3317,31.91,335.73,767.44,56.31,Type_32,Area_3,Type_7
2237,3296,3,12,124,10,2089,204,217,150,2773,83.54,233.98,448.46,56.16,Type_39,Area_1,Type_7
14461,3416,2,18,564,68,4066,192,202,145,3501,88.14,447.83,859.62,38.43,Type_39,Area_3,Type_7
14802,3494,45,9,457,211,1263,223,220,131,1774,78.56,247.09,645.3,9.79,Type_40,Area_2,Type_7
9101,3371,277,6,351,49,3862,204,241,176,2086,64.58,382.5,108.76,10.87,Type_38,Area_3,Type_7
6524,3267,102,12,525,108,603,239,225,114,1027,41.21,299.14,238.29,31.34,Type_39,Area_3,Type_7
9446,3242,34,17,780,108,2239,215,201,117,2282,32.67,210.78,633.7,52.97,Type_38,Area_3,Type_7
7140,3449,107,7,0,0,3210,233,232,131,2512,37.58,378.8,585.07,44.05,Type_37,Area_1,Type_7
7741,3313,127,22,362,80,1861,250,219,85,1626,66.23,285.14,540.84,42.75,Type_29,Area_1,Type_7
9586,3401,281,15,42,7,5173,178,240,201,3810,78.25,276.53,1096.67,9.37,Type_38,Area_3,Type_7
4759,3283,92,8,124,18,3670,233,228,128,3542,57.64,298.03,1164.0,14.66,Type_38,Area_1,Type_7
7868,3373,186,9,256,9,2531,222,247,159,480,50.75,167.56,388.49,61.46,Type_38,Area_3,Type_7
10432,3608,10,12,313,71,1864,206,215,145,1698,34.98,183.27,578.3,55.14,Type_40,Area_2,Type_7
9523,3393,47,15,190,45,3886,224,206,112,2885,86.35,232.59,150.88,55.18,Type_39,Area_3,Type_7
7537,3391,100,12,693,225,1830,239,224,113,1831,77.34,212.75,490.64,58.63,Type_35,Area_1,Type_7
1761,3165,136,15,108,-41,2486,242,233,117,2886,57.26,301.23,119.59,24.95,Type_29,Area_1,Type_7
9311,3407,193,17,531,115,4291,216,251,164,2884,45.89,334.53,1159.92,42.86,Type_33,Area_3,Type_7
14552,3371,264,13,847,186,4560,186,246,198,2736,37.59,426.4,690.22,27.36,Type_38,Area_3,Type_7
7651,3409,307,17,484,70,1584,173,228,195,908,34.33,285.37,350.43,59.7,Type_38,Area_3,Type_7
7633,3336,32,16,485,162,3513,215,204,122,1907,49.53,404.93,817.54,5.18,Type_39,Area_3,Type_7
7371,3383,48,12,150,34,2927,224,214,122,1542,70.45,352.52,665.48,19.32,Type_38,Area_3,Type_7
14806,3496,272,22,366,49,1347,158,241,219,1783,63.46,202.68,757.29,39.5,Type_39,Area_2,Type_7
8269,3401,186,6,859,195,1383,221,245,158,1804,66.69,296.28,193.88,48.28,Type_38,Area_3,Type_7
7647,3194,94,15,127,25,1332,242,216,99,1283,60.87,152.08,444.26,11.35,Type_29,Area_1,Type_7
7996,3397,176,10,984,158,2948,225,246,152,1719,46.39,172.8,142.51,6.35,Type_38,Area_3,Type_7
9231,3350,100,18,175,-26,2121,247,212,88,3322,58.56,201.82,306.02,27.73,Type_38,Area_1,Type_7
9371,3366,231,12,0,0,4380,200,251,187,3508,76.85,329.22,688.36,20.59,Type_35,Area_3,Type_7
14472,3449,32,9,323,101,3941,218,221,139,3267,89.6,395.63,374.44,6.21,Type_40,Area_3,Type_7
14012,3267,210,30,108,26,2270,183,251,187,702,84.7,443.95,556.23,30.35,Type_39,Area_3,Type_7
9510,3319,359,15,592,114,2781,197,212,151,2182,39.62,153.09,474.88,49.5,Type_40,Area_3,Type_7
7504,3285,90,18,488,116,1524,244,209,87,1530,37.79,178.5,892.22,49.02,Type_39,Area_1,Type_7
10471,3349,73,16,0,0,1531,237,209,99,1693,64.33,423.48,437.4,23.54,Type_38,Area_2,Type_7
14658,3294,356,22,779,189,1282,180,196,150,1733,71.07,378.26,1089.22,8.27,Type_39,Area_3,Type_7
9021,3363,163,25,270,134,3838,234,237,118,3070,46.35,328.08,1186.07,48.92,Type_39,Area_3,Type_7
10384,3567,35,9,255,74,1691,219,220,136,1434,81.73,232.26,139.84,23.66,Type_40,Area_2,Type_7
6982,3379,27,19,134,20,3565,209,196,118,2581,62.2,393.18,592.24,33.93,Type_37,Area_1,Type_7
9038,3391,147,10,323,48,1507,234,239,136,2914,80.77,179.44,408.39,27.75,Type_38,Area_1,Type_7
9205,3253,346,22,417,137,3716,173,200,162,3541,85.97,386.92,502.12,42.11,Type_40,Area_3,Type_7
8114,3350,180,9,849,148,2978,224,246,155,1092,69.8,261.02,488.66,46.73,Type_38,Area_3,Type_7
14545,3469,314,13,860,256,4952,184,229,185,3078,55.0,235.28,919.93,24.26,Type_40,Area_3,Type_7
3814,3226,55,19,67,10,3930,228,196,93,2871,66.84,362.69,1192.07,25.81,Type_39,Area_1,Type_7
10497,3366,359,14,0,0,1657,199,214,152,1842,61.72,182.42,485.52,8.34,Type_38,Area_2,Type_7
9275,3311,1,20,509,165,3814,188,200,146,3658,73.17,231.45,925.0,48.87,Type_40,Area_3,Type_7
14551,3755,0,16,1065,309,5013,194,208,149,3143,48.46,383.95,931.12,52.34,Type_40,Area_3,Type_7
10217,3380,60,10,765,170,706,228,218,122,124,67.35,384.16,938.57,50.75,Type_38,Area_2,Type_7
9753,3403,177,18,430,244,1620,226,247,147,684,59.51,176.89,710.66,44.02,Type_40,Area_3,Type_7
10074,3313,32,9,90,5,1953,218,221,138,1008,48.22,207.85,431.08,16.45,Type_39,Area_3,Type_7
1808,3192,96,11,30,-5,2685,238,224,115,2767,41.11,230.2,1099.12,54.29,Type_29,Area_1,Type_7
9085,3418,101,20,342,180,3826,249,208,79,3435,49.76,291.7,1027.45,45.04,Type_39,Area_3,Type_7
9807,3426,286,21,1140,301,4073,157,234,215,2605,74.33,242.73,379.79,44.01,Type_27,Area_3,Type_7
14435,3382,188,13,782,133,4358,220,249,160,2407,85.17,286.37,847.51,55.72,Type_38,Area_3,Type_7
10168,3389,107,9,789,183,631,235,230,126,216,50.67,381.29,1194.0,23.31,Type_38,Area_2,Type_7
8930,3370,287,17,30,8,2379,169,236,207,2455,88.8,231.24,310.72,19.65,Type_38,Area_3,Type_7
9235,3278,358,19,404,142,3833,188,203,149,3630,74.07,205.95,238.12,62.39,Type_40,Area_3,Type_7
1759,3183,191,14,60,-10,2721,218,250,162,2646,36.58,218.19,221.71,47.14,Type_29,Area_1,Type_7
8507,3244,27,19,134,44,3181,209,197,119,285,30.02,360.82,679.29,56.42,Type_22,Area_3,Type_7
10292,3393,106,19,175,31,2553,248,214,86,2016,30.43,274.22,304.52,10.83,Type_39,Area_3,Type_7
10191,3380,29,26,228,79,2379,201,173,96,1213,67.82,396.12,230.67,39.99,Type_39,Area_3,Type_7
9870,3393,158,20,30,3,2737,237,239,123,636,40.48,426.08,1166.62,12.92,Type_39,Area_3,Type_7
7311,3274,69,12,150,-5,3009,233,216,113,1945,88.01,309.52,739.68,5.98,Type_38,Area_3,Type_7
10477,3374,110,19,30,9,1608,249,215,86,1736,47.68,194.91,341.6,53.61,Type_39,Area_2,Type_7
9112,3325,101,38,190,87,4025,251,162,0,3506,61.67,269.93,678.76,22.61,Type_33,Area_3,Type_7
9372,3361,314,13,0,0,4650,185,230,185,4267,41.51,152.13,894.34,40.12,Type_23,Area_3,Type_7
9295,3326,349,19,558,17,3690,183,206,159,3538,86.92,388.18,547.88,15.38,Type_40,Area_3,Type_7
7590,3396,284,15,573,57,1531,178,239,201,900,34.45,224.55,689.81,13.85,Type_39,Area_3,Type_7
9378,3355,323,9,67,0,4649,197,231,173,4329,54.57,440.74,1014.54,12.49,Type_23,Area_3,Type_7
1704,3198,162,14,192,-11,2213,233,243,138,2864,60.37,186.21,744.91,44.85,Type_29,Area_1,Type_7
14069,3417,86,46,342,186,2405,234,120,0,607,77.92,342.38,640.8,21.31,Type_39,Area_3,Type_7
14022,3345,157,7,150,-20,2971,228,241,146,604,46.56,348.14,318.27,25.0,Type_38,Area_3,Type_7
14818,3493,296,12,301,46,1524,186,236,190,1959,51.76,415.53,445.23,57.25,Type_40,Area_2,Type_7
14558,3802,352,13,957,356,4935,196,217,158,3026,62.0,302.12,917.43,36.05,Type_40,Area_3,Type_7
9858,3420,129,10,60,-2,2936,237,234,127,842,63.63,318.9,136.17,16.43,Type_35,Area_3,Type_7
7359,3430,310,14,552,62,1959,180,230,189,510,41.83,353.32,661.1,25.59,Type_39,Area_3,Type_7
8305,3335,297,3,702,40,847,210,238,166,1216,32.42,391.47,210.46,38.44,Type_32,Area_3,Type_7
7728,3372,342,9,624,33,1345,201,226,164,1371,55.47,208.44,1135.65,31.63,Type_38,Area_3,Type_7
9260,3341,126,10,342,106,3103,238,233,125,3226,37.78,358.4,1104.75,43.11,Type_39,Area_3,Type_7
14786,3329,96,14,67,12,1290,242,218,103,1473,76.49,275.39,968.2,29.99,Type_38,Area_2,Type_7
14015,3378,155,12,992,176,3140,234,241,137,990,45.93,404.07,1111.31,13.39,Type_38,Area_3,Type_7
9983,3332,10,19,30,5,2541,195,197,135,566,48.72,330.54,874.24,51.48,Type_35,Area_3,Type_7
8194,3393,73,49,306,153,2305,218,99,0,659,42.44,192.08,561.28,62.66,Type_39,Area_3,Type_7
8390,3331,196,6,560,36,993,219,245,162,1277,35.41,260.09,586.09,46.73,Type_32,Area_3,Type_7
13705,3382,0,5,150,13,3406,212,230,156,2279,58.48,258.29,153.01,40.71,Type_35,Area_1,Type_7
13651,3306,87,5,85,4,3833,227,232,140,2348,56.97,424.31,902.82,63.03,Type_38,Area_1,Type_7
13211,3316,352,13,0,0,4348,197,218,158,3989,70.51,400.65,553.13,61.91,Type_38,Area_1,Type_7
1830,3349,66,11,408,59,3512,231,217,117,1643,47.57,254.71,826.5,37.01,Type_29,Area_1,Type_7
7571,3292,36,13,285,87,3583,219,211,126,2103,52.03,378.8,952.95,46.02,Type_31,Area_3,Type_7
10298,3393,130,4,595,-28,721,226,237,146,631,51.54,428.29,128.44,24.37,Type_40,Area_2,Type_7
13768,3272,65,12,127,-2,2980,231,216,116,1917,65.55,232.46,819.32,19.25,Type_38,Area_3,Type_7
10157,3347,344,20,537,144,2245,177,206,165,902,43.75,255.71,389.86,57.81,Type_39,Area_3,Type_7
9902,3216,63,20,170,11,1597,233,194,84,626,52.38,210.59,1151.27,47.27,Type_39,Area_3,Type_7
13261,3279,310,19,60,22,3912,166,224,197,4025,74.81,447.36,937.91,50.91,Type_38,Area_1,Type_7
14492,3393,43,15,175,45,3895,221,205,115,2928,74.78,303.1,367.54,58.72,Type_39,Area_3,Type_7
9515,3261,357,14,1087,244,2143,198,214,154,2103,67.43,240.87,249.78,6.18,Type_38,Area_3,Type_7
14759,3419,34,7,190,71,1032,219,224,141,1036,73.42,256.68,408.37,62.5,Type_40,Area_2,Type_7
10162,3417,118,22,899,54,808,251,215,80,218,66.97,248.73,135.39,54.55,Type_38,Area_2,Type_7
14299,3397,306,10,216,24,2280,191,234,183,2546,60.07,150.98,372.91,17.83,Type_38,Area_3,Type_7
9384,3403,4,15,319,69,3721,199,210,147,3296,52.56,409.32,1031.29,8.47,Type_40,Area_3,Type_7
14810,3424,77,23,60,-6,1758,242,192,68,1871,88.24,432.35,1195.96,64.39,Type_39,Area_2,Type_7
6830,3202,13,20,30,8,4094,197,196,131,1376,54.3,349.4,236.35,25.34,Type_38,Area_1,Type_7
8923,3384,303,13,108,22,2315,185,234,189,2466,66.91,449.39,1173.95,30.43,Type_38,Area_3,Type_7
9168,3364,52,11,258,42,2060,226,217,124,3463,40.33,317.32,234.61,14.5,Type_38,Area_1,Type_7
9784,3272,162,39,190,115,1388,224,216,84,752,86.27,188.22,733.81,30.68,Type_39,Area_3,Type_7
14830,3604,353,12,309,110,1969,200,219,157,2402,78.23,292.55,209.76,56.02,Type_40,Area_2,Type_7
14432,3332,10,18,376,147,4113,198,201,137,3790,83.84,329.42,429.38,50.68,Type_40,Area_3,Type_7
12386,3269,205,15,277,43,3874,210,252,174,2529,42.34,267.39,1186.14,47.96,Type_23,Area_1,Type_7
1656,3264,137,10,283,45,2773,236,236,131,2529,86.22,265.33,717.68,60.68,Type_29,Area_1,Type_7
13961,3315,92,21,313,82,2093,247,203,75,1345,46.4,262.23,447.15,12.75,Type_39,Area_1,Type_7
8212,3304,189,11,1124,142,2457,221,248,160,2078,75.65,357.08,477.98,27.14,Type_31,Area_3,Type_7
14627,3241,29,20,201,36,1664,209,191,111,579,49.97,266.67,427.29,53.78,Type_39,Area_3,Type_7
7827,3422,90,9,745,201,3236,235,225,121,1744,86.65,340.17,195.55,16.66,Type_38,Area_3,Type_7
9725,3846,15,3,973,397,4713,217,233,154,2765,38.3,150.43,942.28,5.33,Type_40,Area_3,Type_7
9399,3239,120,4,0,0,3164,226,236,145,2881,59.3,401.94,569.61,40.25,Type_39,Area_3,Type_7
10478,3351,329,13,0,0,1477,187,223,175,1711,33.0,401.28,368.71,32.14,Type_38,Area_2,Type_7
2236,3298,15,11,85,2,2122,210,217,143,2833,65.59,267.95,611.16,52.89,Type_39,Area_1,Type_7
5584,3233,162,7,0,0,3814,227,242,148,4113,72.09,421.88,720.11,18.51,Type_39,Area_1,Type_7
14387,3426,148,18,182,26,4127,241,235,116,3918,78.87,292.47,149.37,17.37,Type_33,Area_3,Type_7
6668,3345,84,11,417,76,990,235,222,117,1354,74.67,311.7,763.32,62.27,Type_39,Area_3,Type_7
7746,3400,301,7,376,61,1591,201,237,176,1055,65.97,314.07,1116.16,50.34,Type_38,Area_3,Type_7
1751,3148,163,13,90,10,2185,232,243,140,2718,62.12,351.1,847.19,6.69,Type_29,Area_1,Type_7
10452,3477,106,12,228,-34,1655,241,225,111,1651,87.15,346.09,112.02,60.02,Type_39,Area_2,Type_7
14824,3289,96,9,446,19,3692,234,228,125,1249,46.72,397.97,206.42,13.88,Type_34,Area_3,Type_7
7179,3343,82,16,256,23,2644,240,210,96,1604,42.63,211.15,657.51,62.17,Type_38,Area_3,Type_7
13920,3335,134,31,384,102,1956,250,209,62,1548,56.81,309.6,441.36,42.23,Type_39,Area_1,Type_7
13967,3405,348,13,1022,66,1320,194,217,161,1786,87.84,419.74,309.69,62.48,Type_38,Area_3,Type_7
13766,3421,324,14,525,52,2024,183,224,180,618,59.41,154.14,443.12,30.85,Type_38,Area_3,Type_7
13623,3219,30,20,108,41,4176,209,191,110,1405,80.71,336.23,606.29,10.73,Type_38,Area_1,Type_7
10415,3333,41,18,42,9,1253,219,199,108,1362,86.28,324.74,523.21,29.28,Type_38,Area_2,Type_7
9326,3394,197,15,564,114,4342,215,252,167,2761,86.54,391.01,1084.06,17.18,Type_33,Area_3,Type_7
7058,3433,48,23,108,-3,3398,222,183,85,2621,44.82,164.25,205.24,24.9,Type_37,Area_1,Type_7
10375,3354,126,21,210,73,834,250,220,87,1090,89.85,172.2,556.71,25.78,Type_24,Area_2,Type_7
10546,3288,342,9,600,18,3688,201,226,164,987,54.57,360.78,257.86,33.81,Type_34,Area_3,Type_7
1665,3267,168,13,270,49,2866,230,245,143,2437,89.53,298.29,473.14,34.21,Type_29,Area_1,Type_7
6887,3278,317,16,402,115,4469,175,224,188,1348,42.41,343.39,1030.06,21.55,Type_38,Area_1,Type_7
9485,3429,329,11,446,60,4843,194,227,172,4308,83.96,418.45,394.36,31.12,Type_38,Area_3,Type_7
9402,3372,219,10,175,0,4472,209,250,177,3636,47.64,256.43,120.01,46.14,Type_35,Area_3,Type_7
9422,3435,6,17,513,87,4068,196,204,142,3438,62.94,395.23,306.87,6.75,Type_39,Area_3,Type_7
12253,3344,207,20,730,117,4068,203,254,179,2044,76.57,193.04,839.39,23.87,Type_38,Area_1,Type_7
7631,3432,47,17,600,83,3455,224,201,106,1442,59.32,381.36,1062.51,52.3,Type_39,Area_3,Type_7
6856,3327,155,11,218,31,4013,233,241,138,2408,49.62,416.1,821.6,50.93,Type_38,Area_1,Type_7
8011,3391,175,10,1008,152,2919,226,246,151,1723,80.36,401.88,550.58,62.88,Type_38,Area_3,Type_7
9265,3476,75,36,180,79,2532,237,149,11,3762,78.64,376.18,616.52,44.02,Type_39,Area_1,Type_7
14548,3468,289,16,899,267,4921,174,237,202,3059,65.98,440.33,556.05,8.02,Type_40,Area_3,Type_7
7939,3438,0,15,750,99,1530,197,211,150,1523,51.56,215.1,1184.0,52.29,Type_38,Area_3,Type_7
10142,3342,19,19,830,139,2081,202,195,124,642,58.16,237.9,651.73,17.71,Type_40,Area_3,Type_7
9303,3422,192,15,484,110,4243,218,251,163,3007,80.79,369.27,1049.71,28.06,Type_33,Area_3,Type_7
14005,3358,229,9,60,7,2672,207,248,178,691,77.42,265.58,1171.21,37.03,Type_38,Area_3,Type_7
9498,3311,356,12,573,115,2759,200,218,155,2210,55.66,160.08,751.59,20.24,Type_38,Area_3,Type_7
14416,3282,229,23,247,53,3314,180,254,204,1383,67.7,389.63,1034.08,49.17,Type_32,Area_3,Type_7
2146,3322,98,11,127,22,2347,238,224,115,2689,79.3,203.17,619.56,15.48,Type_39,Area_1,Type_7
14753,3417,65,4,350,69,865,223,231,143,902,61.61,283.12,1160.48,33.56,Type_40,Area_2,Type_7
9608,3386,329,19,361,34,5281,171,214,181,3332,59.61,405.31,512.15,63.27,Type_38,Area_3,Type_7
13969,3373,197,6,0,0,2821,219,245,162,571,75.73,248.77,741.41,13.26,Type_38,Area_3,Type_7
12039,3299,91,25,134,16,2372,248,192,58,2713,63.43,441.7,1087.39,32.93,Type_39,Area_1,Type_7
13665,3336,42,18,0,0,3644,220,199,108,2423,58.27,262.18,246.85,39.0,Type_37,Area_1,Type_7
5164,3243,72,23,510,247,782,239,189,70,2048,58.11,218.05,286.0,57.28,Type_30,Area_1,Type_7
14333,3377,169,25,300,148,3813,229,241,127,3042,36.85,233.37,530.73,16.41,Type_39,Area_3,Type_7
9770,3429,315,18,1015,291,4213,169,222,192,2594,40.83,327.64,432.86,29.96,Type_40,Area_3,Type_7
7823,3442,171,17,949,93,3432,230,245,141,1057,54.71,240.45,608.94,41.11,Type_36,Area_3,Type_7
14503,3307,352,18,60,9,3434,185,205,156,2442,32.99,171.94,871.18,25.26,Type_23,Area_3,Type_7
14798,3486,18,10,531,226,1233,212,218,142,1736,41.2,188.88,945.4,53.11,Type_40,Area_2,Type_7
9481,3318,28,20,153,6,3503,208,192,114,2755,36.73,320.97,90.72,6.88,Type_39,Area_3,Type_7
9183,3420,140,17,153,57,4137,243,233,112,3904,36.84,412.33,1043.79,62.85,Type_33,Area_3,Type_7
12527,3217,180,4,30,-1,3906,221,242,156,2754,30.76,266.2,873.0,34.01,Type_23,Area_1,Type_7
14502,3454,326,10,499,35,5016,195,229,173,4265,84.13,401.02,294.61,6.73,Type_38,Area_3,Type_7
9454,3299,43,15,60,-1,3479,221,205,115,2844,41.34,282.3,867.99,56.09,Type_39,Area_3,Type_7
9186,3308,13,10,459,84,2818,210,219,145,3315,73.25,214.39,289.14,45.73,Type_32,Area_3,Type_7
9570,3355,338,13,95,11,5070,192,222,168,3511,79.48,405.37,625.78,21.92,Type_38,Area_3,Type_7
10399,3299,141,19,60,4,927,244,232,109,1248,60.16,267.03,361.09,43.21,Type_24,Area_2,Type_7
1749,3231,127,2,85,2,3389,223,237,150,1956,75.62,214.12,666.56,41.56,Type_38,Area_1,Type_7
9507,3447,330,13,458,78,4913,188,224,175,4362,35.31,294.69,1060.89,61.55,Type_38,Area_3,Type_7
14032,3330,93,31,162,67,2174,250,177,0,743,78.89,272.9,1171.9,26.5,Type_39,Area_3,Type_7
10513,3442,94,19,124,22,1837,247,207,81,1965,49.62,283.2,533.32,61.87,Type_39,Area_2,Type_7
9271,3413,140,17,134,6,4271,243,233,113,4272,48.59,397.25,121.67,9.37,Type_23,Area_3,Type_7
1950,3331,50,8,120,8,2754,224,222,132,2442,56.04,405.04,769.27,38.05,Type_29,Area_1,Type_7
9187,3233,117,18,283,83,2506,248,220,93,3178,73.71,178.26,141.86,53.0,Type_39,Area_3,Type_7
5947,3365,92,5,212,-4,4251,229,231,137,3953,50.31,340.93,1175.02,46.62,Type_40,Area_1,Type_7
3487,3224,223,8,85,3,3912,210,248,174,2676,51.3,400.2,90.01,9.18,Type_23,Area_1,Type_7
14361,3381,283,11,395,59,3902,191,241,190,2081,87.12,223.96,1146.43,24.59,Type_38,Area_3,Type_7
14560,3815,349,14,892,369,4961,193,215,161,3037,32.5,308.42,500.32,25.93,Type_40,Area_3,Type_7
5632,3314,354,12,60,8,4405,200,218,156,3973,64.95,317.98,256.81,35.16,Type_38,Area_1,Type_7
10295,3524,30,10,335,31,1426,217,218,136,979,59.04,330.95,763.77,23.03,Type_40,Area_2,Type_7
13725,3423,36,24,90,-2,3273,211,181,95,2401,86.83,352.97,1175.15,24.97,Type_37,Area_1,Type_7
10486,3502,3,12,573,135,1325,203,216,150,1813,80.93,382.09,200.06,42.04,Type_40,Area_2,Type_7
9176,3322,135,12,180,0,1931,239,235,124,3255,41.99,368.26,606.89,31.74,Type_38,Area_1,Type_7
10540,3284,352,7,570,14,3664,208,228,158,997,58.74,199.96,156.43,45.0,Type_34,Area_3,Type_7
9155,3474,149,20,242,67,4013,242,234,113,3881,40.15,279.97,788.06,15.99,Type_33,Area_3,Type_7
8325,3334,259,2,690,39,845,213,240,165,1150,33.9,406.56,660.39,58.78,Type_32,Area_3,Type_7
10022,3356,124,27,95,54,1956,253,209,66,774,31.71,335.11,951.59,45.71,Type_40,Area_3,Type_7
8076,3235,162,3,0,0,2291,222,240,153,644,45.0,217.5,160.66,40.66,Type_22,Area_3,Type_7
14689,3282,29,18,162,45,2110,211,199,119,1282,87.25,434.95,720.53,63.67,Type_39,Area_3,Type_7
9237,3325,317,11,552,80,3368,192,231,179,3453,31.13,365.18,131.01,48.13,Type_40,Area_3,Type_7
9403,3422,5,20,531,223,4307,190,197,140,3700,63.59,393.61,414.49,25.75,Type_39,Area_3,Type_7
14116,3335,200,6,589,40,966,218,245,163,1283,49.41,197.62,218.84,35.63,Type_32,Area_3,Type_7
7821,3394,206,7,90,1,2858,216,247,166,466,51.27,247.15,587.17,40.67,Type_38,Area_3,Type_7
13185,3315,359,13,175,21,4121,199,215,152,3966,60.25,399.79,298.1,47.32,Type_38,Area_1,Type_7
8459,2961,152,25,685,295,2379,241,232,105,1771,87.41,342.99,799.87,35.47,Type_4,Area_3,Type_7
6503,3255,100,16,534,119,553,244,217,98,977,58.47,404.03,126.36,20.38,Type_39,Area_3,Type_7
10028,3300,114,5,0,0,1879,228,235,141,872,83.57,434.99,1028.45,43.04,Type_39,Area_3,Type_7
9354,3360,176,12,170,15,4327,226,246,150,3318,42.1,202.55,794.68,58.98,Type_33,Area_3,Type_7
2096,3361,122,17,242,5,2508,247,224,99,2514,77.57,264.55,1153.52,58.74,Type_39,Area_1,Type_7
7950,3436,327,13,871,97,1493,189,225,176,1611,46.73,192.64,293.78,40.92,Type_38,Area_3,Type_7
7951,3440,329,13,841,101,1521,189,225,175,1585,87.01,352.18,1111.98,32.03,Type_38,Area_3,Type_7
10319,3424,76,9,323,-13,1025,232,223,124,836,72.34,241.12,1125.18,5.88,Type_38,Area_2,Type_7
9475,3294,354,11,492,105,2715,202,221,157,2305,85.09,208.16,789.38,59.52,Type_24,Area_3,Type_7
13934,3372,344,16,874,101,1195,186,213,165,1905,88.82,412.76,110.31,61.68,Type_38,Area_3,Type_7
7395,3415,319,17,509,62,1776,174,222,187,576,46.69,293.91,268.35,40.11,Type_39,Area_3,Type_7
10115,3306,345,27,408,0,1837,157,186,161,1294,35.65,433.09,843.98,63.88,Type_39,Area_3,Type_7
9405,3416,0,18,537,68,4039,192,205,148,3479,40.03,434.11,598.62,28.38,Type_39,Area_3,Type_7
9397,3425,2,30,218,121,4912,164,168,130,4155,30.56,295.11,425.3,25.36,Type_39,Area_3,Type_7
10172,3366,113,12,60,-3,2525,240,228,117,1248,38.4,221.12,463.98,61.02,Type_39,Area_3,Type_7
8125,3237,104,14,42,6,2337,242,222,107,582,47.0,348.48,392.31,14.08,Type_39,Area_3,Type_7
14791,3465,6,12,509,208,1150,205,217,148,1632,57.34,234.77,1087.64,51.19,Type_40,Area_2,Type_7
11919,3303,88,18,408,69,3743,244,209,88,1597,44.68,240.08,844.65,9.06,Type_39,Area_1,Type_7
4064,3193,78,8,67,4,3722,231,226,128,3130,45.18,449.61,1066.56,20.15,Type_23,Area_1,Type_7
7652,3370,27,15,636,205,3507,212,207,128,1754,38.85,270.12,212.91,26.5,Type_39,Area_3,Type_7
5042,3256,101,2,30,-1,3583,223,236,148,3757,65.5,433.72,737.22,43.69,Type_38,Area_1,Type_7
9593,3368,325,15,283,24,5191,181,222,180,3360,74.34,317.72,826.07,29.36,Type_38,Area_3,Type_7
9218,3342,313,11,551,107,3234,191,232,180,3438,84.65,283.39,383.04,15.83,Type_32,Area_3,Type_7
6613,3271,85,17,300,84,874,242,209,91,1001,44.87,291.75,525.08,42.52,Type_39,Area_3,Type_7
9151,3335,79,11,108,13,1910,234,220,117,3343,62.61,364.83,345.21,19.08,Type_38,Area_1,Type_7
10300,3525,30,7,301,32,1401,218,226,143,977,80.74,420.58,301.05,34.17,Type_40,Area_2,Type_7
10422,3322,85,12,67,0,1200,237,220,112,1381,56.89,357.08,257.05,17.98,Type_38,Area_2,Type_7
2000,3356,21,7,0,0,2802,215,224,146,2222,46.93,232.69,902.71,46.74,Type_38,Area_1,Type_7
6857,3264,22,24,201,80,4268,197,182,112,1343,67.68,210.1,809.5,28.71,Type_38,Area_1,Type_7
10321,3410,356,7,457,0,805,209,228,157,782,63.17,291.46,872.34,55.83,Type_40,Area_2,Type_7
1714,3227,213,14,85,25,2689,207,252,179,2640,57.59,401.55,991.32,12.61,Type_29,Area_1,Type_7
9535,3386,40,7,162,12,3827,221,224,139,2800,55.1,319.08,718.92,44.99,Type_39,Area_3,Type_7
9668,3743,337,17,969,297,5221,180,215,172,3340,43.16,382.32,661.44,57.53,Type_40,Area_3,Type_7
14399,3309,85,8,210,-25,1974,232,227,128,3197,76.4,405.67,1084.5,39.46,Type_38,Area_1,Type_7
9986,3233,46,13,90,5,1602,224,210,118,916,63.49,435.42,158.45,20.92,Type_39,Area_3,Type_7
10322,3328,73,22,408,99,624,239,193,73,794,45.19,251.07,576.07,24.27,Type_24,Area_2,Type_7
6723,3353,94,8,300,27,1110,232,229,129,1442,79.65,289.5,323.11,18.67,Type_39,Area_3,Type_7
14559,3805,325,19,834,359,5051,169,216,185,3124,69.57,402.99,647.03,34.13,Type_40,Area_3,Type_7
14588,3204,150,36,120,47,1307,239,213,70,808,40.85,348.11,785.73,61.6,Type_39,Area_3,Type_7
5778,3372,265,6,30,4,4288,205,243,176,4195,38.77,181.76,781.23,64.1,Type_40,Area_1,Type_7
14412,3559,107,13,218,57,2652,241,224,110,3931,77.99,254.81,883.38,9.89,Type_40,Area_1,Type_7
14547,3459,285,16,882,261,4891,173,238,205,3030,61.49,306.42,759.0,57.92,Type_39,Area_3,Type_7
7486,3361,80,18,600,82,1727,241,204,86,1740,70.72,442.76,1079.62,18.46,Type_39,Area_1,Type_7
10398,3308,138,21,60,13,957,247,227,99,1239,68.86,326.9,369.68,24.4,Type_24,Area_2,Type_7
9222,3386,56,3,134,-10,2228,222,232,146,3503,65.36,236.13,361.35,31.03,Type_38,Area_1,Type_7
2098,3312,97,20,150,29,2388,248,208,80,2688,68.07,408.62,1001.54,10.01,Type_39,Area_1,Type_7
9400,3316,106,13,285,67,1798,242,224,109,2724,31.35,432.49,308.05,16.4,Type_39,Area_1,Type_7
10299,3527,24,9,323,34,1489,215,220,141,1045,32.73,319.94,386.8,63.01,Type_40,Area_2,Type_7
10526,3529,324,15,342,35,1634,181,223,181,2089,75.85,420.96,633.53,57.16,Type_40,Area_2,Type_7
9128,3317,96,9,0,0,1782,234,228,125,3276,66.06,378.52,964.53,57.65,Type_38,Area_1,Type_7
14651,3361,293,6,127,25,2523,203,239,175,618,43.11,182.9,752.77,51.86,Type_39,Area_3,Type_7
14555,3761,297,11,847,315,5239,190,237,186,3331,45.42,230.37,258.38,49.04,Type_40,Area_3,Type_7
14660,3262,59,11,242,-17,1739,228,216,119,1084,89.05,216.03,1168.07,20.73,Type_39,Area_3,Type_7
10266,3412,60,7,595,-62,875,225,226,135,552,32.52,276.27,1108.64,34.72,Type_38,Area_2,Type_7
14745,3321,80,23,418,92,607,243,192,66,765,36.8,445.56,308.93,59.01,Type_24,Area_2,Type_7
1799,3322,107,6,480,88,3728,230,233,137,1543,34.28,437.3,523.44,12.03,Type_40,Area_1,Type_7
8044,3382,179,9,1148,180,2905,224,246,154,1554,72.3,364.6,177.19,47.04,Type_38,Area_3,Type_7
7839,3400,13,13,577,161,3164,207,212,141,2042,52.98,168.62,147.51,53.15,Type_39,Area_3,Type_7
9541,3305,312,6,162,0,4956,203,235,172,3217,41.2,325.17,297.87,6.77,Type_38,Area_3,Type_7
14390,3286,339,19,616,188,3427,174,208,171,3528,48.24,339.34,543.14,5.84,Type_40,Area_3,Type_7
14728,3427,101,7,633,-65,930,233,230,130,499,61.22,167.19,444.8,41.3,Type_38,Area_2,Type_7
9429,3343,243,7,127,3,4560,205,246,179,3472,55.94,430.29,1168.21,60.12,Type_35,Area_3,Type_7
14819,3515,279,9,391,68,1511,196,241,184,1979,31.02,206.22,239.41,28.61,Type_40,Area_2,Type_7
13659,3202,292,4,0,0,4157,207,239,170,1556,42.11,411.53,1065.57,19.49,Type_23,Area_1,Type_7
6604,3320,60,9,484,90,811,227,221,127,1206,78.43,380.54,308.39,28.69,Type_39,Area_3,Type_7
9456,3217,10,12,902,200,2029,206,215,145,2284,45.38,419.85,739.69,25.08,Type_38,Area_3,Type_7
14464,3322,167,13,350,43,3947,230,245,143,1907,32.41,181.99,934.94,7.33,Type_38,Area_3,Type_7
2935,3280,223,11,484,53,4218,206,251,180,2115,72.56,189.38,956.76,9.49,Type_23,Area_1,Type_7
1715,3225,138,17,42,16,2542,243,232,112,2790,33.49,366.69,439.81,37.53,Type_29,Area_1,Type_7
14437,3354,6,17,390,167,4219,197,205,142,3841,73.17,380.59,220.44,24.47,Type_40,Area_3,Type_7
6683,3293,110,22,242,42,1031,251,211,77,1129,81.86,289.6,376.22,41.69,Type_39,Area_3,Type_7
1771,3251,71,13,247,17,3607,234,214,110,1753,57.57,333.41,153.48,26.83,Type_38,Area_1,Type_7
7285,3283,65,12,60,-1,2926,232,215,113,1860,42.47,240.35,280.07,5.05,Type_38,Area_3,Type_7
9533,3410,47,9,190,1,3953,224,220,130,2908,51.79,201.92,248.41,30.33,Type_39,Area_3,Type_7
10473,3492,22,9,484,214,1260,214,220,141,1794,78.36,366.87,205.29,50.64,Type_40,Area_2,Type_7
9629,3321,317,24,418,136,4395,151,211,197,2482,32.85,342.57,296.47,53.29,Type_39,Area_3,Type_7
9654,3728,3,18,1032,319,4994,194,204,145,3148,43.49,195.22,943.17,58.44,Type_40,Area_3,Type_7
6885,3415,222,17,60,23,3814,196,254,190,2739,86.59,339.01,526.69,56.07,Type_40,Area_1,Type_7
9809,3174,173,27,67,17,1377,225,241,130,731,89.18,317.61,1009.57,27.95,Type_39,Area_3,Type_7
11921,3133,107,7,30,-3,2012,233,232,131,2567,79.38,236.59,896.24,41.02,Type_29,Area_1,Type_7
9090,3369,243,10,350,47,3800,201,248,184,2113,66.73,313.46,1141.61,22.47,Type_38,Area_3,Type_7
8096,3325,213,16,67,-1,2755,205,253,181,524,84.32,262.2,416.14,32.85,Type_38,Area_3,Type_7
7446,3320,51,14,342,-22,3267,226,210,115,1812,72.48,376.36,356.23,44.93,Type_39,Area_3,Type_7
7232,3371,85,9,216,22,2683,233,225,124,1684,56.54,425.24,1150.97,44.36,Type_38,Area_3,Type_7
1691,3236,180,15,150,19,2851,224,248,152,2461,40.49,354.53,188.26,51.93,Type_29,Area_1,Type_7
7907,3375,206,7,60,-4,2873,216,247,166,511,37.82,364.11,1153.36,63.41,Type_38,Area_3,Type_7
1712,3214,166,9,60,0,2895,228,244,148,2430,33.68,158.7,226.86,44.71,Type_29,Area_1,Type_7
10519,3532,225,1,484,84,1530,217,239,159,2049,74.39,158.89,1075.99,45.1,Type_40,Area_2,Type_7
9374,3387,0,19,591,198,4079,189,201,147,3606,82.42,194.25,301.01,8.28,Type_40,Area_3,Type_7
9781,3450,307,18,1091,318,4227,167,226,198,2639,51.91,389.47,213.83,59.72,Type_40,Area_3,Type_7
10485,3502,19,12,551,219,1320,211,214,138,1851,32.97,368.15,1171.74,57.65,Type_40,Area_2,Type_7
9681,3777,9,18,1041,368,4824,197,202,138,2942,60.5,302.38,784.95,20.55,Type_40,Area_3,Type_7
1684,3214,132,15,0,0,2402,243,231,114,2911,79.35,387.46,854.58,50.48,Type_29,Area_1,Type_7
8460,2954,151,23,674,288,2387,242,232,106,1784,49.8,305.41,515.41,47.16,Type_4,Area_3,Type_7
5121,3264,96,7,0,0,3742,232,230,131,3744,49.08,235.56,647.78,12.53,Type_38,Area_1,Type_7
9077,3239,173,29,90,27,4055,223,239,126,3197,77.05,349.62,104.51,31.89,Type_33,Area_3,Type_7
9941,3203,33,17,30,-1,1539,214,201,118,819,86.32,171.28,427.26,52.13,Type_39,Area_3,Type_7
9890,3246,340,14,150,26,1777,190,219,167,418,47.76,163.08,1168.23,47.36,Type_39,Area_3,Type_7
14465,3321,165,14,376,42,3976,231,244,141,1935,89.13,192.35,329.77,26.26,Type_38,Area_3,Type_7
10378,3371,152,29,190,52,934,241,226,93,1110,60.78,232.67,893.49,17.73,Type_24,Area_2,Type_7
5246,3259,43,12,450,263,840,222,213,124,2131,64.92,378.16,1056.41,7.38,Type_39,Area_1,Type_7
14675,3295,75,16,228,-6,1931,238,209,98,1153,40.25,419.59,980.2,45.45,Type_39,Area_3,Type_7
8196,3315,179,10,1154,199,2512,225,246,154,2089,49.0,428.67,918.82,31.35,Type_31,Area_3,Type_7
9727,3848,353,8,1008,72,4622,207,227,158,2671,79.26,407.36,1032.92,40.42,Type_40,Area_3,Type_7
5658,3308,57,28,124,55,4041,226,170,60,4119,81.52,286.1,767.61,64.66,Type_39,Area_1,Type_7
2083,3367,116,16,228,14,2532,246,223,100,2497,57.84,275.55,1037.82,38.17,Type_39,Area_1,Type_7
14479,3262,14,19,875,124,2297,200,199,131,2191,45.73,377.62,988.8,12.6,Type_40,Area_3,Type_7
14747,3418,27,4,342,-3,953,218,230,149,837,57.44,154.58,1174.4,31.67,Type_38,Area_2,Type_7
8530,3349,75,7,484,38,886,228,228,133,2550,68.11,235.87,1104.09,30.56,Type_31,Area_3,Type_7
9931,3406,165,5,42,0,3107,224,241,152,1006,79.39,310.7,175.8,46.45,Type_35,Area_3,Type_7
7323,3374,279,6,258,27,1536,204,241,176,834,58.94,216.77,799.48,6.89,Type_38,Area_3,Type_7
13957,3382,166,12,366,128,2208,230,244,144,618,34.79,185.33,138.84,26.05,Type_38,Area_3,Type_7
9199,3379,52,9,228,-14,2122,225,221,130,3434,70.71,177.79,725.49,35.7,Type_38,Area_1,Type_7
2032,3365,98,17,240,26,2613,246,213,90,2455,63.92,286.72,757.96,22.52,Type_39,Area_1,Type_7
7255,3298,48,15,42,1,2838,224,206,113,1768,49.24,407.07,152.64,46.83,Type_38,Area_3,Type_7
7283,3369,315,7,192,15,1519,202,235,172,892,38.43,311.43,414.23,40.18,Type_38,Area_3,Type_7
10401,3574,66,17,277,142,1616,234,204,96,1451,40.31,307.55,197.59,50.46,Type_40,Area_2,Type_7
7919,3293,96,20,242,60,2066,248,206,77,1338,36.83,176.91,527.14,60.92,Type_39,Area_1,Type_7
7818,3409,172,12,210,70,1826,228,245,148,899,86.43,389.23,112.89,10.89,Type_38,Area_3,Type_7
14542,3708,3,12,1131,262,5150,204,217,150,3337,65.89,360.77,149.02,59.93,Type_40,Area_3,Type_7
7727,3366,329,11,690,95,1240,194,227,172,1549,35.77,404.82,636.48,58.21,Type_38,Area_3,Type_7
8467,3355,62,4,424,44,771,223,232,145,1952,56.21,298.59,727.55,32.04,Type_32,Area_3,Type_7
9288,3417,140,17,335,67,4183,243,233,112,3273,79.22,442.88,706.87,40.97,Type_33,Area_3,Type_7
1913,3326,310,12,30,7,2980,186,231,185,2173,89.78,251.66,1039.64,39.37,Type_39,Area_1,Type_7
6839,3337,154,9,190,23,4061,231,241,141,2465,39.56,359.77,931.52,47.22,Type_38,Area_1,Type_7
14477,3216,14,12,895,199,2017,209,216,143,2289,84.89,188.81,587.87,22.21,Type_38,Area_3,Type_7
1861,3331,81,14,330,41,3355,238,214,104,1758,76.59,387.33,730.47,40.09,Type_29,Area_1,Type_7
7361,3289,76,13,192,-15,3078,236,216,109,1961,72.27,354.11,184.93,38.27,Type_38,Area_3,Type_7
14375,3379,63,13,313,-17,2113,231,214,113,3476,85.45,209.4,132.29,9.06,Type_38,Area_1,Type_7
9521,3392,286,8,255,28,4908,199,240,181,3879,49.34,164.78,98.54,49.3,Type_38,Area_3,Type_7
9330,3355,5,17,376,161,4246,196,205,143,3860,78.58,239.38,309.05,33.14,Type_40,Area_3,Type_7
10608,3277,91,18,0,0,2505,244,209,88,4019,82.27,200.35,737.86,21.12,Type_33,Area_2,Type_7
9443,3258,27,11,85,-1,3188,215,217,137,2681,44.25,242.65,868.53,56.54,Type_23,Area_3,Type_7
9302,3416,193,16,553,124,4261,216,251,164,2894,59.7,391.46,128.92,7.58,Type_33,Area_3,Type_7
4913,3280,148,9,95,15,3743,232,240,139,3596,62.07,367.27,884.59,33.93,Type_38,Area_1,Type_7
5583,3322,347,17,162,27,4158,185,210,161,3984,79.58,272.09,378.89,18.37,Type_38,Area_1,Type_7
14170,3351,221,5,256,23,942,214,244,167,1982,51.15,317.15,1152.84,6.05,Type_32,Area_3,Type_7
13793,3306,64,12,162,-13,3085,231,215,114,1868,67.73,257.73,184.52,51.12,Type_38,Area_3,Type_7
8326,3340,0,0,641,45,912,218,238,156,1324,79.52,323.15,733.11,13.81,Type_32,Area_3,Type_7
7213,3264,48,13,30,5,2810,224,212,120,1746,46.03,273.98,980.64,50.81,Type_38,Area_3,Type_7
14112,3338,172,2,603,43,924,220,239,156,1377,66.16,282.93,287.59,60.95,Type_32,Area_3,Type_7
9053,3394,252,7,503,59,3664,205,245,178,2282,32.45,265.93,868.41,60.6,Type_40,Area_3,Type_7
14462,3245,66,8,0,0,3231,229,224,128,2888,76.41,266.22,1089.09,8.42,Type_39,Area_3,Type_7
9289,3395,155,16,228,23,4175,237,240,128,3388,54.25,273.04,214.1,15.98,Type_33,Area_3,Type_7
9487,3339,19,17,153,8,3594,206,203,130,2789,30.34,286.72,1080.05,27.85,Type_39,Area_3,Type_7
10023,3248,353,28,684,132,1302,162,180,148,1544,84.56,330.18,984.35,20.79,Type_39,Area_3,Type_7
9092,3410,98,16,306,172,3866,244,216,96,3448,34.26,412.33,664.36,60.27,Type_39,Area_3,Type_7
13955,3283,91,15,242,50,1999,242,215,99,1425,87.79,334.04,931.45,26.97,Type_39,Area_1,Type_7
14506,3309,332,12,30,6,3500,191,224,172,2455,58.1,265.12,707.82,62.88,Type_23,Area_3,Type_7
14004,3453,358,7,666,114,1650,209,227,156,1399,59.22,433.57,903.78,12.28,Type_40,Area_3,Type_7
13561,3323,93,10,319,62,992,236,225,120,1208,33.83,311.5,491.62,27.02,Type_39,Area_3,Type_7
9860,3404,167,23,60,9,2730,231,241,129,633,39.3,297.37,631.37,11.75,Type_39,Area_3,Type_7
9123,3315,122,8,30,-1,1740,233,234,133,3239,69.45,273.22,463.2,7.22,Type_38,Area_1,Type_7
7328,3277,77,13,175,-7,3037,236,216,110,1974,74.29,358.87,752.88,33.19,Type_38,Area_3,Type_7
13521,3296,75,11,531,109,666,234,218,115,1140,54.68,337.43,546.53,40.76,Type_39,Area_3,Type_7
6818,3226,281,19,67,14,3973,164,238,212,1377,85.95,176.79,641.34,51.15,Type_29,Area_1,Type_7
12063,3416,67,5,234,40,2695,226,229,138,2270,64.72,167.64,936.93,28.91,Type_40,Area_1,Type_7
14350,3417,95,20,335,179,3853,247,207,80,3461,51.83,194.61,449.63,36.51,Type_39,Area_3,Type_7
9646,3706,307,5,1087,260,5387,207,237,169,3627,70.34,411.18,474.03,37.15,Type_40,Area_3,Type_7
10445,3397,342,39,256,120,1095,114,153,160,1575,46.0,248.93,464.6,17.75,Type_39,Area_2,Type_7
13273,3369,298,6,0,0,4327,204,238,173,4186,40.35,414.21,1194.33,8.91,Type_40,Area_1,Type_7
9223,3321,70,15,182,-13,2037,235,210,103,3245,61.93,381.1,139.53,15.49,Type_38,Area_1,Type_7
7248,3410,310,7,470,41,1979,201,235,174,684,81.77,178.25,961.84,40.39,Type_38,Area_3,Type_7
2003,3352,100,13,277,26,2630,241,222,110,2475,84.38,200.95,148.2,36.81,Type_39,Area_1,Type_7
7762,3439,33,16,824,90,3362,215,205,121,1574,35.26,356.05,826.68,57.61,Type_39,Area_3,Type_7
9380,3411,359,39,256,143,4719,135,140,122,4077,47.88,357.76,352.29,25.74,Type_39,Area_3,Type_7
6928,3250,82,12,0,0,3973,237,219,111,1940,68.95,198.85,477.41,37.24,Type_38,Area_1,Type_7
2768,3327,123,5,842,100,4650,228,236,142,1718,44.51,307.92,805.5,44.35,Type_38,Area_1,Type_7
10330,3449,94,22,150,-16,1243,248,201,71,983,82.35,447.95,554.91,38.42,Type_38,Area_2,Type_7
9674,3379,268,16,805,197,4590,176,245,207,2750,39.59,291.1,216.51,52.55,Type_39,Area_3,Type_7
10409,3585,48,6,390,138,1749,223,227,140,1565,66.61,186.52,447.92,48.33,Type_40,Area_2,Type_7
9815,3166,165,17,67,9,1412,233,243,136,693,87.43,230.47,576.37,38.01,Type_35,Area_3,Type_7
14006,3406,170,12,800,167,2888,229,245,147,2138,84.98,431.58,139.78,61.72,Type_38,Area_3,Type_7
14448,3354,164,7,67,-10,4546,227,242,149,4335,59.8,259.3,528.39,14.52,Type_23,Area_3,Type_7
10425,3598,20,15,342,61,1848,208,207,133,1673,76.86,196.75,517.18,27.92,Type_40,Area_2,Type_7
7905,3430,0,9,424,91,1639,208,224,154,1296,32.65,263.96,897.98,25.71,Type_38,Area_3,Type_7
10340,3555,32,7,162,62,1575,219,224,142,1231,81.53,386.12,552.99,21.67,Type_40,Area_2,Type_7
7705,3370,338,10,595,31,1360,198,226,167,1307,32.95,195.18,459.52,40.23,Type_38,Area_3,Type_7
14528,3409,315,12,424,50,5272,188,230,182,3337,51.65,227.33,1122.63,61.7,Type_38,Area_3,Type_7
13203,3233,86,10,0,0,3852,235,223,119,4128,63.33,264.03,795.78,25.75,Type_39,Area_1,Type_7
9709,3831,346,12,912,382,4867,196,220,163,2934,51.15,447.76,1183.63,64.7,Type_40,Area_3,Type_7
8098,3362,186,15,1015,123,2724,221,250,158,2012,41.46,296.14,1063.06,25.1,Type_39,Area_3,Type_7
7266,3382,305,8,258,19,1693,198,236,177,792,34.75,207.28,379.7,37.18,Type_38,Area_3,Type_7
7267,3387,295,9,277,21,1723,195,238,182,774,41.49,348.22,930.56,47.98,Type_38,Area_3,Type_7
3183,3245,53,2,234,18,4261,221,234,150,2335,48.59,201.22,1125.44,59.56,Type_38,Area_1,Type_7
9551,3369,129,9,90,-4,3763,235,235,130,2673,36.94,158.78,721.86,18.76,Type_39,Area_3,Type_7
9566,3306,351,14,1261,289,1976,195,216,159,1945,50.42,244.21,230.23,55.22,Type_38,Area_3,Type_7
12072,3286,26,11,42,0,2172,215,215,136,2839,54.9,266.21,211.27,50.57,Type_39,Area_1,Type_7
13882,3367,111,20,532,134,1805,250,214,84,1772,57.97,174.41,1095.77,63.24,Type_39,Area_1,Type_7
8727,3372,82,7,481,50,1350,230,228,132,2454,54.23,241.53,756.13,21.41,Type_32,Area_3,Type_7
7418,3410,54,13,277,61,3014,227,211,115,1423,40.91,360.14,971.24,31.93,Type_38,Area_3,Type_7
14683,3326,307,10,0,0,2165,192,234,182,1060,73.0,153.38,220.23,33.12,Type_39,Area_3,Type_7
7415,3414,310,18,499,73,1708,168,225,196,618,59.12,333.4,464.21,39.17,Type_39,Area_3,Type_7
10361,3425,11,4,162,53,1082,216,232,153,1048,82.81,220.25,620.58,42.87,Type_40,Area_2,Type_7
8025,3445,353,4,972,106,1463,213,233,158,1639,43.81,410.63,833.36,43.02,Type_40,Area_3,Type_7
6914,3263,117,8,30,-3,3951,235,232,129,2058,42.92,445.74,734.5,13.53,Type_38,Area_1,Type_7
8396,3418,173,10,421,218,2542,226,245,150,666,72.25,302.52,270.24,45.89,Type_38,Area_3,Type_7
9578,3490,324,12,446,38,5179,188,226,178,4350,74.57,344.39,800.43,62.49,Type_38,Area_3,Type_7
10437,3464,312,13,525,136,1155,185,230,185,1478,47.23,283.99,716.91,56.3,Type_40,Area_2,Type_7
9465,3225,4,12,940,208,2068,204,216,149,2249,78.79,222.44,1055.74,27.28,Type_38,Area_3,Type_7
9327,3397,191,16,524,105,4326,218,251,162,2846,75.3,281.85,515.3,47.85,Type_33,Area_3,Type_7
9972,3218,42,12,95,7,1542,222,213,125,912,88.56,417.01,786.62,5.65,Type_39,Area_3,Type_7
12042,3381,48,7,42,3,2676,223,224,136,2297,51.46,349.49,977.79,43.29,Type_39,Area_1,Type_7
5199,3270,67,10,30,-2,3784,230,221,123,3786,53.23,188.57,1110.28,49.22,Type_38,Area_1,Type_7
12022,3275,109,23,150,21,2419,252,207,70,2717,64.62,186.17,1110.25,52.55,Type_39,Area_1,Type_7
9345,3366,193,13,750,127,4396,218,250,164,2356,33.5,266.15,1191.1,35.56,Type_38,Area_3,Type_7
12064,3388,66,6,150,10,2568,227,227,135,2399,68.81,384.14,443.61,43.81,Type_39,Area_1,Type_7
7850,3389,333,8,960,118,1262,202,230,167,1857,30.82,271.44,1091.4,47.81,Type_38,Area_3,Type_7
5611,3298,300,4,295,74,1170,209,238,168,2324,34.62,435.32,468.67,7.67,Type_40,Area_1,Type_7
1763,3146,160,11,67,8,2338,231,242,141,2812,35.88,373.13,339.06,29.36,Type_29,Area_1,Type_7
9121,3517,110,33,395,124,2341,254,185,30,3516,83.35,286.63,471.34,51.8,Type_40,Area_1,Type_7
9630,3329,317,23,430,142,4425,154,214,197,2512,53.13,439.17,536.64,16.31,Type_39,Area_3,Type_7
1682,3242,151,2,150,32,2580,222,239,152,2731,88.54,359.99,535.52,40.53,Type_29,Area_1,Type_7
1675,3237,101,8,95,23,2486,235,229,126,2823,77.4,250.79,585.78,34.36,Type_29,Area_1,Type_7
7367,3367,294,9,295,29,1471,196,238,182,860,59.59,432.28,969.08,32.0,Type_38,Area_3,Type_7
7625,3403,117,7,607,170,1979,233,233,132,1678,60.81,292.01,134.78,9.47,Type_35,Area_1,Type_7
9552,3311,72,11,30,-1,3571,233,218,116,2512,86.78,281.93,465.84,24.96,Type_23,Area_3,Type_7
6742,3351,106,9,240,25,1170,235,229,125,1433,36.79,332.84,1199.19,51.22,Type_39,Area_3,Type_7
14488,3401,292,10,382,24,4860,191,238,187,4004,80.11,333.63,407.79,54.04,Type_38,Area_3,Type_7
8077,3278,202,22,60,18,2462,204,253,174,573,66.57,255.78,560.34,39.3,Type_39,Area_3,Type_7
4317,3202,4,12,60,11,3550,204,216,149,3349,73.32,283.02,455.35,22.09,Type_23,Area_1,Type_7
1738,3161,182,15,124,23,2329,223,249,154,2850,41.68,160.31,194.74,51.54,Type_29,Area_1,Type_7
2218,3303,57,10,0,0,2197,227,219,125,2832,46.89,229.05,1030.3,31.66,Type_39,Area_1,Type_7
7073,3407,60,25,42,4,3392,230,180,68,2526,67.39,219.11,439.15,45.16,Type_37,Area_1,Type_7
8078,3319,195,11,0,0,2666,218,250,165,541,65.11,368.56,681.2,39.75,Type_38,Area_3,Type_7
7815,3379,340,13,911,108,1216,192,221,167,1914,43.8,335.37,889.11,55.54,Type_38,Area_3,Type_7
9482,3300,5,11,488,104,2758,205,218,149,2287,47.47,297.64,869.27,31.72,Type_38,Area_3,Type_7
14428,3431,180,11,443,95,4198,224,247,154,3131,32.41,313.39,271.14,29.51,Type_33,Area_3,Type_7
2113,3266,67,14,67,1,2300,233,211,107,2805,41.05,368.61,923.8,28.71,Type_39,Area_1,Type_7
